Date,Country,value
1990,Afghanistan,0.474530011415482
1990,Albania,1.09546995162964
1990,Algeria,0
1990,American Samoa,0
1990,Andorra,0
1990,Angola,0.194509997963905
1990,Antigua and Barbuda,0
1990,Argentina,0
1990,Armenia,0
1990,Aruba,0
1990,Australia,1.13350999355316
1990,Austria,0.881720006465912
1990,Azerbaijan,0
1990,"Bahamas, The",0
1990,Bahrain,0
1990,Bangladesh,0.197960004210472
1990,Barbados,1.33438003063202
1990,Belarus,0
1990,Belgium,0.966130018234253
1990,Belize,0
1990,Benin,0
1990,Bermuda,0
1990,Bhutan,0
1990,Bolivia,0
1990,Bosnia and Herzegovina,0
1990,Botswana,0
1990,Brazil,0
1990,British Virgin Islands,0
1990,Brunei Darussalam,0
1990,Bulgaria,1.13322997093201
1990,Burkina Faso,0.29721000790596
1990,Burundi,0.400999993085861
1990,Cabo Verde,0
1990,Cambodia,0
1990,Cameroon,0
1990,Canada,1.18585002422333
1990,Cayman Islands,0
1990,Central African Republic,0.191290006041527
1990,Chad,0
1990,Channel Islands,0
1990,Chile,0
1990,China,0
1990,Colombia,0
1990,Comoros,0.17281000316143
1990,"Congo, Dem. Rep.",0
1990,"Congo, Rep.",0.194189995527267
1990,Costa Rica,0
1990,Cote d'Ivoire,0
1990,Croatia,0
1990,Cuba,1.27050995826721
1990,Curacao,0
1990,Cyprus,1.27067005634308
1990,Czech Republic,0.786979973316193
1990,Denmark,1.11061000823975
1990,Djibouti,0
1990,Dominica,0
1990,Dominican Republic,0
1990,Ecuador,0
1990,"Egypt, Arab Rep.",0.53192001581192
1990,El Salvador,0
1990,Equatorial Guinea,0
1990,Eritrea,0
1990,Estonia,0
1990,Eswatini,0.677720010280609
1990,Ethiopia,0.21875
1990,Faroe Islands,0
1990,Fiji,0
1990,Finland,1.09756004810333
1990,France,1.12105000019073
1990,French Polynesia,0
1990,Gabon,0.427940011024475
1990,"Gambia, The",0
1990,Georgia,0
1990,Germany,0
1990,Ghana,0
1990,Gibraltar,0
1990,Greece,1.05271995067596
1990,Greenland,0
1990,Grenada,0
1990,Guam,0
1990,Guatemala,0
1990,Guinea,0.0870499983429909
1990,Guinea-Bissau,0
1990,Guyana,0.711560010910034
1990,Haiti,0
1990,Honduras,0.74576997756958
1990,"Hong Kong SAR, China",0
1990,Hungary,1.07673001289368
1990,Iceland,1.24067997932434
1990,India,0.52021998167038
1990,Indonesia,0
1990,"Iran, Islamic Rep.",0
1990,Iraq,0
1990,Ireland,0.867229998111725
1990,Isle of Man,0
1990,Israel,0.975530028343201
1990,Italy,0.961759984493256
1990,Jamaica,0
1990,Japan,0.652390003204346
1990,Jordan,1.21501994132996
1990,Kazakhstan,0
1990,Kenya,0
1990,Kiribati,0
1990,"Korea, Dem. People's Rep.",0
1990,"Korea, Rep.",0.469610005617142
1990,Kosovo,0
1990,Kuwait,1.47437000274658
1990,Kyrgyz Republic,0
1990,Lao PDR,0.492040008306503
1990,Latvia,1.30256998538971
1990,Lebanon,0
1990,Lesotho,1.1722799539566
1990,Liberia,0
1990,Libya,0
1990,Liechtenstein,0
1990,Lithuania,0.710560023784637
1990,Luxembourg,0
1990,"Macao SAR, China",0.440420001745224
1990,Madagascar,0.767970025539398
1990,Malawi,0.359019994735718
1990,Malaysia,0
1990,Maldives,0
1990,Mali,0.15149000287056
1990,Malta,0.766740024089813
1990,Marshall Islands,0
1990,Mauritania,0.131870001554489
1990,Mauritius,0.595740020275116
1990,Mexico,0
1990,"Micronesia, Fed. Sts.",0
1990,Moldova,0
1990,Monaco,0
1990,Mongolia,0
1990,Montenegro,0
1990,Morocco,0.610220015048981
1990,Mozambique,0
1990,Myanmar,0
1990,Namibia,0
1990,Nauru,0
1990,Nepal,0.309379994869232
1990,Netherlands,0.818560004234314
1990,New Caledonia,0
1990,New Zealand,1.07428002357483
1990,Nicaragua,1.06545996665955
1990,Niger,0.146280005574226
1990,Nigeria,0
1990,North Macedonia,1.00593996047974
1990,Northern Mariana Islands,0
1990,Norway,1.17707002162933
1990,Oman,0.950290024280548
1990,Pakistan,0.405640006065369
1990,Palau,0
1990,Panama,0
1990,Papua New Guinea,0
1990,Paraguay,0
1990,Peru,0
1990,Philippines,0
1990,Poland,1.32016003131866
1990,Portugal,0
1990,Puerto Rico,0
1990,Qatar,1.72289001941681
1990,Romania,0.975660026073456
1990,Russian Federation,0
1990,Rwanda,0.227109998464584
1990,Samoa,0
1990,San Marino,0
1990,Sao Tome and Principe,0
1990,Saudi Arabia,0
1990,Senegal,0
1990,Serbia,0
1990,Seychelles,0
1990,Sierra Leone,0
1990,Singapore,0
1990,Sint Maarten (Dutch part),0
1990,Slovak Republic,0
1990,Slovenia,1.17437994480133
1990,Solomon Islands,0
1990,Somalia,0
1990,South Africa,0.796670019626617
1990,South Sudan,0
1990,Spain,1.0698299407959
1990,Sri Lanka,0
1990,St. Kitts and Nevis,0
1990,St. Lucia,0
1990,St. Martin (French part),0
1990,St. Vincent and the Grenadines,1.53828001022339
1990,Sudan,0
1990,Suriname,1.17931997776031
1990,Sweden,1.1586799621582
1990,Switzerland,0.527939975261688
1990,Syrian Arab Republic,0.639159977436066
1990,Tajikistan,0
1990,Tanzania,0
1990,Thailand,0
1990,Timor-Leste,0
1990,Togo,0.149259999394417
1990,Tonga,0
1990,Trinidad and Tobago,0
1990,Tunisia,0.612810015678406
1990,Turkey,0.502900004386902
1990,Turkmenistan,0
1990,Turks and Caicos Islands,0
1990,Tuvalu,0
1990,Uganda,0.393059998750687
1990,Ukraine,0
1990,United Arab Emirates,0
1990,United Kingdom,0.93342000246048
1990,United States,1.21246004104614
1990,Uruguay,0
1990,Uzbekistan,0
1990,Vanuatu,0
1990,"Venezuela, RB",0
1990,Vietnam,0
1990,Virgin Islands (U.S.),0
1990,West Bank and Gaza,0
1990,"Yemen, Rep.",0
1990,Zambia,0
1990,Zimbabwe,0
1990,Africa Eastern and Southern,0
1990,Africa Western and Central,0
1990,Arab World,0.704110026359558
1990,Caribbean small states,1.15533995628357
1990,Central Europe and the Baltics,1.12328004837036
1990,Early-demographic dividend,0.689670026302338
1990,East Asia & Pacific,0.655759990215302
1990,East Asia & Pacific (excluding high income),0.670650005340576
1990,East Asia & Pacific (IDA & IBRD countries),0.687290012836456
1990,Euro area,0.943099975585938
1990,Europe & Central Asia,1.04214000701904
1990,Europe & Central Asia (excluding high income),1.11721003055573
1990,Europe & Central Asia (IDA & IBRD countries),1.12732005119324
1990,European Union,0.970910012722015
1990,Fragile and conflict affected situations,0.663709998130798
1990,Heavily indebted poor countries (HIPC),0.560410022735596
1990,High income,1.03294003009796
1990,IBRD only,0.835940003395081
1990,IDA & IBRD total,0.798690021038055
1990,IDA blend,0.49617999792099
1990,IDA only,0.491010010242462
1990,IDA total,0.518850028514862
1990,Late-demographic dividend,0.90091997385025
1990,Latin America & Caribbean,0.961480021476746
1990,Latin America & Caribbean (excluding high income),0.948000013828278
1990,Latin America & the Caribbean (IDA & IBRD countries),0.933359980583191
1990,Least developed countries: UN classification,0.425509989261627
1990,Low & middle income,0.783749997615814
1990,Low income,0.505010008811951
1990,Lower middle income,0.680729985237122
1990,Middle East & North Africa,0.670560002326965
1990,Middle East & North Africa (excluding high income),0.625639975070953
1990,Middle East & North Africa (IDA & IBRD countries),0.623679995536804
1990,Middle income,0.79900997877121
1990,North America,1.20978999137878
1990,Not classified,0
1990,OECD members,0.989809989929199
1990,Other small states,1.03059005737305
1990,Pacific island small states,0.841480016708374
1990,Post-demographic dividend,1.03761994838715
1990,Pre-demographic dividend,0.462989985942841
1990,Small states,1.0556800365448
1990,South Asia,0.479250013828278
1990,South Asia (IDA & IBRD),0.479250013828278
1990,Sub-Saharan Africa,0.520240008831024
1990,Sub-Saharan Africa (excluding high income),0.520229995250702
1990,Sub-Saharan Africa (IDA & IBRD countries),0.520240008831024
1990,Upper middle income,0.89316999912262
1990,World,0.890169978141785
2000,Afghanistan,0
2000,Albania,1.30467998981476
2000,Algeria,0
2000,American Samoa,0
2000,Andorra,0
2000,Angola,0
2000,Antigua and Barbuda,0
2000,Argentina,1.34043002128601
2000,Armenia,1.19788002967834
2000,Aruba,1.33977997303009
2000,Australia,0
2000,Austria,0
2000,Azerbaijan,0
2000,"Bahamas, The",0
2000,Bahrain,0
2000,Bangladesh,0.495130002498627
2000,Barbados,1.62671995162964
2000,Belarus,1.24379003047943
2000,Belgium,1.12933003902435
2000,Belize,0
2000,Benin,0.245869994163513
2000,Bermuda,0
2000,Bhutan,0
2000,Bolivia,0
2000,Bosnia and Herzegovina,0
2000,Botswana,0.876820027828217
2000,Brazil,0
2000,British Virgin Islands,1.63033998012543
2000,Brunei Darussalam,1.40259003639221
2000,Bulgaria,1.29244995117188
2000,Burkina Faso,0
2000,Burundi,0.355659991502762
2000,Cabo Verde,1.03254997730255
2000,Cambodia,0.319409996271133
2000,Cameroon,0
2000,Canada,1.2538800239563
2000,Cayman Islands,0
2000,Central African Republic,0.191220000386238
2000,Chad,0.177599996328354
2000,Channel Islands,0
2000,Chile,0.916279971599579
2000,China,0
2000,Colombia,1.06584000587463
2000,Comoros,0.734679996967316
2000,"Congo, Dem. Rep.",0
2000,"Congo, Rep.",0.310009986162186
2000,Costa Rica,0
2000,Cote d'Ivoire,0
2000,Croatia,1.13832998275757
2000,Cuba,1.15442001819611
2000,Curacao,0
2000,Cyprus,1.23921000957489
2000,Czech Republic,1.03579998016357
2000,Denmark,1.26762998104095
2000,Djibouti,0.891369998455048
2000,Dominica,0
2000,Dominican Republic,0
2000,Ecuador,0
2000,"Egypt, Arab Rep.",0
2000,El Salvador,1.1007399559021
2000,Equatorial Guinea,0.513429999351501
2000,Eritrea,0.165010005235672
2000,Estonia,1.32880997657776
2000,Eswatini,0.902499973773956
2000,Ethiopia,0.27581000328064
2000,Faroe Islands,0
2000,Fiji,0
2000,Finland,1.17426002025604
2000,France,1.17640995979309
2000,French Polynesia,0
2000,Gabon,0
2000,"Gambia, The",0
2000,Georgia,1.01259005069733
2000,Germany,0
2000,Ghana,0
2000,Gibraltar,0
2000,Greece,1.0813399553299
2000,Greenland,0
2000,Grenada,0
2000,Guam,0
2000,Guatemala,0
2000,Guinea,0
2000,Guinea-Bissau,0
2000,Guyana,0
2000,Haiti,0
2000,Honduras,1.2236499786377
2000,"Hong Kong SAR, China",0
2000,Hungary,1.18289995193481
2000,Iceland,1.39786005020142
2000,India,0.661979973316193
2000,Indonesia,0.887380003929138
2000,"Iran, Islamic Rep.",0.875199973583221
2000,Iraq,0.538609981536865
2000,Ireland,1.17472994327545
2000,Isle of Man,0
2000,Israel,1.2994099855423
2000,Italy,1.22493004798889
2000,Jamaica,1.45729005336761
2000,Japan,0
2000,Jordan,1.12723004817963
2000,Kazakhstan,1.1585099697113
2000,Kenya,0.540180027484894
2000,Kiribati,0
2000,"Korea, Dem. People's Rep.",0
2000,"Korea, Rep.",0.583500027656555
2000,Kosovo,0
2000,Kuwait,0
2000,Kyrgyz Republic,1.02219998836517
2000,Lao PDR,0.523329973220825
2000,Latvia,1.44356000423431
2000,Lebanon,0
2000,Lesotho,1.32723999023438
2000,Liberia,0.556100010871887
2000,Libya,0.992070019245148
2000,Liechtenstein,0
2000,Lithuania,1.35060000419617
2000,Luxembourg,0
2000,"Macao SAR, China",0.803659975528717
2000,Madagascar,0.867269992828369
2000,Malawi,0.375779986381531
2000,Malaysia,1.05597996711731
2000,Maldives,0
2000,Mali,0.479829996824265
2000,Malta,1.18116998672485
2000,Marshall Islands,0
2000,Mauritania,0
2000,Mauritius,0.854210019111633
2000,Mexico,0.906220018863678
2000,"Micronesia, Fed. Sts.",0
2000,Moldova,0
2000,Monaco,0
2000,Mongolia,1.44017994403839
2000,Montenegro,0
2000,Morocco,0.732609987258911
2000,Mozambique,0.334100008010864
2000,Myanmar,0
2000,Namibia,0
2000,Nauru,0
2000,Nepal,0.374099999666214
2000,Netherlands,1.03492999076843
2000,New Caledonia,0
2000,New Zealand,0
2000,Nicaragua,0
2000,Niger,0
2000,Nigeria,0
2000,North Macedonia,1.22552001476288
2000,Northern Mariana Islands,0
2000,Norway,1.31268000602722
2000,Oman,0
2000,Pakistan,0
2000,Palau,1.60213005542755
2000,Panama,1.41331994533539
2000,Papua New Guinea,0
2000,Paraguay,1.27325999736786
2000,Peru,0
2000,Philippines,0
2000,Poland,1.29048001766205
2000,Portugal,1.25234997272491
2000,Puerto Rico,0
2000,Qatar,0
2000,Romania,1.11291003227234
2000,Russian Federation,0
2000,Rwanda,0
2000,Samoa,0.922749996185303
2000,San Marino,0
2000,Sao Tome and Principe,0
2000,Saudi Arabia,1.22913002967834
2000,Senegal,0
2000,Serbia,0
2000,Seychelles,0
2000,Sierra Leone,0.844929993152618
2000,Singapore,0
2000,Sint Maarten (Dutch part),0
2000,Slovak Republic,1.05348002910614
2000,Slovenia,1.27858996391296
2000,Solomon Islands,0
2000,Somalia,0
2000,South Africa,0
2000,South Sudan,0
2000,Spain,1.15541005134583
2000,Sri Lanka,0
2000,St. Kitts and Nevis,0
2000,St. Lucia,0
2000,St. Martin (French part),0
2000,St. Vincent and the Grenadines,0
2000,Sudan,1.18754994869232
2000,Suriname,0
2000,Sweden,1.31054997444153
2000,Switzerland,0.750660002231598
2000,Syrian Arab Republic,0
2000,Tajikistan,0.451330006122589
2000,Tanzania,0.305590003728867
2000,Thailand,1.17584002017975
2000,Timor-Leste,0
2000,Togo,0
2000,Tonga,0
2000,Trinidad and Tobago,1.32799005508423
2000,Tunisia,1.03884994983673
2000,Turkey,0
2000,Turkmenistan,0
2000,Turks and Caicos Islands,0
2000,Tuvalu,0
2000,Uganda,0.503239989280701
2000,Ukraine,1.1170300245285
2000,United Arab Emirates,0
2000,United Kingdom,1.15489995479584
2000,United States,0
2000,Uruguay,1.43139004707336
2000,Uzbekistan,0.835609972476959
2000,Vanuatu,0
2000,"Venezuela, RB",1.31462001800537
2000,Vietnam,0.738039970397949
2000,Virgin Islands (U.S.),0
2000,West Bank and Gaza,0.904039978981018
2000,"Yemen, Rep.",0
2000,Zambia,0
2000,Zimbabwe,0
2000,Africa Eastern and Southern,0
2000,Africa Western and Central,0
2000,Arab World,0.85249000787735
2000,Caribbean small states,1.44345998764038
2000,Central Europe and the Baltics,1.23770999908447
2000,Early-demographic dividend,0.860679984092712
2000,East Asia & Pacific,0.843379974365234
2000,East Asia & Pacific (excluding high income),0.874750018119812
2000,East Asia & Pacific (IDA & IBRD countries),0.888999998569489
2000,Euro area,1.11751997470856
2000,Europe & Central Asia,1.13226997852325
2000,Europe & Central Asia (excluding high income),1.11442995071411
2000,Europe & Central Asia (IDA & IBRD countries),1.13550996780396
2000,European Union,1.15086996555328
2000,Fragile and conflict affected situations,0.86557000875473
2000,Heavily indebted poor countries (HIPC),0.629429996013641
2000,High income,1.11405003070831
2000,IBRD only,0.960860013961792
2000,IDA & IBRD total,0.929000020027161
2000,IDA blend,0.717519998550415
2000,IDA only,0.642149984836578
2000,IDA total,0.686789989471436
2000,Late-demographic dividend,1.04129004478455
2000,Latin America & Caribbean,1.15348994731903
2000,Latin America & Caribbean (excluding high income),1.14285004138947
2000,Latin America & the Caribbean (IDA & IBRD countries),1.14790999889374
2000,Least developed countries: UN classification,0.606800019741058
2000,Low & middle income,0.908680021762848
2000,Low income,0.519200026988983
2000,Lower middle income,0.801829993724823
2000,Middle East & North Africa,0.872039973735809
2000,Middle East & North Africa (excluding high income),0.81563001871109
2000,Middle East & North Africa (IDA & IBRD countries),0.814570009708405
2000,Middle income,0.924210011959076
2000,North America,1.24360001087189
2000,Not classified,0
2000,OECD members,1.07625997066498
2000,Other small states,1.1550999879837
2000,Pacific island small states,1.04948997497559
2000,Post-demographic dividend,1.10210001468658
2000,Pre-demographic dividend,0.600799977779388
2000,Small states,1.24195003509521
2000,South Asia,0.643589973449707
2000,South Asia (IDA & IBRD),0.643589973449707
2000,Sub-Saharan Africa,0.700670003890991
2000,Sub-Saharan Africa (excluding high income),0.700670003890991
2000,Sub-Saharan Africa (IDA & IBRD countries),0.700670003890991
2000,Upper middle income,1.03612005710602
2000,World,0.994710028171539
2011,Afghanistan,0.345649987459183
2011,Albania,1.27293002605438
2011,Algeria,1.31114995479584
2011,American Samoa,0
2011,Andorra,0
2011,Angola,0.369249999523163
2011,Antigua and Barbuda,1.51899003982544
2011,Argentina,1.35423004627228
2011,Armenia,1.15666997432709
2011,Aruba,1.33299994468689
2011,Australia,0
2011,Austria,0
2011,Azerbaijan,1.0160299539566
2011,"Bahamas, The",0
2011,Bahrain,1.41561996936798
2011,Bangladesh,0.69404000043869
2011,Barbados,1.55466997623444
2011,Belarus,1.29922997951508
2011,Belgium,1.21331000328064
2011,Belize,1.39691996574402
2011,Benin,0.272320002317429
2011,Bermuda,1.51614999771118
2011,Bhutan,0.710359990596771
2011,Bolivia,0
2011,Bosnia and Herzegovina,0
2011,Botswana,0
2011,Brazil,1.23860001564026
2011,British Virgin Islands,0
2011,Brunei Darussalam,1.43336999416351
2011,Bulgaria,1.23061001300812
2011,Burkina Faso,0.496309995651245
2011,Burundi,0
2011,Cabo Verde,1.26105999946594
2011,Cambodia,0.626429975032806
2011,Cameroon,0.73497998714447
2011,Canada,1.26871001720428
2011,Cayman Islands,0
2011,Central African Republic,0
2011,Chad,0.238440006971359
2011,Channel Islands,0
2011,Chile,1.09044003486633
2011,China,1.08158004283905
2011,Colombia,1.09228003025055
2011,Comoros,0.786249995231628
2011,"Congo, Dem. Rep.",0.446999996900558
2011,"Congo, Rep.",0.583779990673065
2011,Costa Rica,1.20228004455566
2011,Cote d'Ivoire,0.661639988422394
2011,Croatia,1.28550004959106
2011,Cuba,1.39066994190216
2011,Curacao,0
2011,Cyprus,1.03145003318787
2011,Czech Republic,1.29422998428345
2011,Denmark,1.29832005500793
2011,Djibouti,0.75806999206543
2011,Dominica,0
2011,Dominican Republic,0
2011,Ecuador,0
2011,"Egypt, Arab Rep.",0.909900009632111
2011,El Salvador,1.08123004436493
2011,Equatorial Guinea,0
2011,Eritrea,0
2011,Estonia,1.36777997016907
2011,Eswatini,0.838429987430573
2011,Ethiopia,0.436850011348724
2011,Faroe Islands,0
2011,Fiji,0
2011,Finland,1.18754005432129
2011,France,1.20175004005432
2011,French Polynesia,0
2011,Gabon,0
2011,"Gambia, The",0.615779995918274
2011,Georgia,1.20200002193451
2011,Germany,0
2011,Ghana,0.618550002574921
2011,Gibraltar,0
2011,Greece,1.05742001533508
2011,Greenland,0
2011,Grenada,0
2011,Guam,0
2011,Guatemala,0
2011,Guinea,0.335770010948181
2011,Guinea-Bissau,0
2011,Guyana,1.54587996006012
2011,Haiti,0
2011,Honduras,0
2011,"Hong Kong SAR, China",1.05601000785828
2011,Hungary,1.24990999698639
2011,Iceland,1.40708005428314
2011,India,0.7985799908638
2011,Indonesia,0.852439999580383
2011,"Iran, Islamic Rep.",0.995329976081848
2011,Iraq,0
2011,Ireland,1.075080037117
2011,Isle of Man,0
2011,Israel,1.24326002597809
2011,Italy,1.30290997028351
2011,Jamaica,1.57102000713348
2011,Japan,0
2011,Jordan,1.13706004619598
2011,Kazakhstan,1.20642995834351
2011,Kenya,0
2011,Kiribati,0
2011,"Korea, Dem. People's Rep.",0
2011,"Korea, Rep.",0.750890016555786
2011,Kosovo,0
2011,Kuwait,0
2011,Kyrgyz Republic,1.1967099905014
2011,Lao PDR,0.72859001159668
2011,Latvia,1.38943004608154
2011,Lebanon,0
2011,Lesotho,0
2011,Liberia,0
2011,Libya,0
2011,Liechtenstein,0.53167998790741
2011,Lithuania,1.33509004116058
2011,Luxembourg,0
2011,"Macao SAR, China",0.990390002727509
2011,Madagascar,0.927219986915588
2011,Malawi,0.623939990997314
2011,Malaysia,1.24772000312805
2011,Maldives,0
2011,Mali,0.424340009689331
2011,Malta,1.26040995121002
2011,Marshall Islands,0
2011,Mauritania,0.41473001241684
2011,Mauritius,1.23291003704071
2011,Mexico,0.978659987449646
2011,"Micronesia, Fed. Sts.",0
2011,Moldova,0
2011,Monaco,0
2011,Mongolia,1.3274199962616
2011,Montenegro,0
2011,Morocco,0.922160029411316
2011,Mozambique,0.615599989891052
2011,Myanmar,1.25056004524231
2011,Namibia,0
2011,Nauru,0
2011,Nepal,0.663869976997375
2011,Netherlands,1.10405004024506
2011,New Caledonia,0
2011,New Zealand,0
2011,Nicaragua,0
2011,Niger,0.422239989042282
2011,Nigeria,0.691940009593964
2011,North Macedonia,0
2011,Northern Mariana Islands,0
2011,Norway,1.36989998817444
2011,Oman,1.31357002258301
2011,Pakistan,0.92483001947403
2011,Palau,0
2011,Panama,1.35425996780396
2011,Papua New Guinea,0
2011,Paraguay,0
2011,Peru,0
2011,Philippines,1.19226002693176
2011,Poland,1.36266005039215
2011,Portugal,1.15942001342773
2011,Puerto Rico,1.30972003936768
2011,Qatar,1.8301500082016
2011,Romania,1.26082003116608
2011,Russian Federation,1.25196003913879
2011,Rwanda,0.751950025558472
2011,Samoa,0
2011,San Marino,0
2011,Sao Tome and Principe,0
2011,Saudi Arabia,1.0837299823761
2011,Senegal,0.578459978103638
2011,Serbia,1.24056005477905
2011,Seychelles,1.70105004310608
2011,Sierra Leone,0
2011,Singapore,0
2011,Sint Maarten (Dutch part),0
2011,Slovak Republic,1.35063004493713
2011,Slovenia,1.40275001525879
2011,Solomon Islands,0
2011,Somalia,0
2011,South Africa,0
2011,South Sudan,0
2011,Spain,1.19089996814728
2011,Sri Lanka,1.41276001930237
2011,St. Kitts and Nevis,0
2011,St. Lucia,1.42553997039795
2011,St. Martin (French part),0
2011,St. Vincent and the Grenadines,0
2011,Sudan,1.04506003856659
2011,Suriname,0
2011,Sweden,1.33861005306244
2011,Switzerland,0.991659998893738
2011,Syrian Arab Republic,0.993110001087189
2011,Tajikistan,0.522710025310516
2011,Tanzania,0
2011,Thailand,1.21519005298615
2011,Timor-Leste,0
2011,Togo,0.343080013990402
2011,Tonga,0
2011,Trinidad and Tobago,0
2011,Tunisia,1.38800001144409
2011,Turkey,0
2011,Turkmenistan,0
2011,Turks and Caicos Islands,0
2011,Tuvalu,0
2011,Uganda,0.733129978179932
2011,Ukraine,1.15504002571106
2011,United Arab Emirates,0
2011,United Kingdom,1.24441003799438
2011,United States,0
2011,Uruguay,0
2011,Uzbekistan,0.64384001493454
2011,Vanuatu,0
2011,"Venezuela, RB",0
2011,Vietnam,1.02549004554749
2011,Virgin Islands (U.S.),0
2011,West Bank and Gaza,1.27411997318268
2011,"Yemen, Rep.",0.440189987421036
2011,Zambia,0.369010001420975
2011,Zimbabwe,0.695620000362396
2011,Africa Eastern and Southern,0
2011,Africa Western and Central,0
2011,Arab World,1.04375004768372
2011,Caribbean small states,1.49627995491028
2011,Central Europe and the Baltics,1.32112002372742
2011,Early-demographic dividend,0.931949973106384
2011,East Asia & Pacific,1.04000997543335
2011,East Asia & Pacific (excluding high income),1.06479001045227
2011,East Asia & Pacific (IDA & IBRD countries),1.07310998439789
2011,Euro area,1.15271997451782
2011,Europe & Central Asia,1.17285001277924
2011,Europe & Central Asia (excluding high income),1.14182996749878
2011,Europe & Central Asia (IDA & IBRD countries),1.1664400100708
2011,European Union,1.20615005493164
2011,Fragile and conflict affected situations,0.897289991378784
2011,Heavily indebted poor countries (HIPC),0.648829996585846
2011,High income,1.19254994392395
2011,IBRD only,1.06553995609283
2011,IDA & IBRD total,1.02417004108429
2011,IDA blend,0.778609991073608
2011,IDA only,0.695379972457886
2011,IDA total,0.732420027256012
2011,Late-demographic dividend,1.15857994556427
2011,Latin America & Caribbean,1.22032999992371
2011,Latin America & Caribbean (excluding high income),1.20153999328613
2011,Latin America & the Caribbean (IDA & IBRD countries),1.21355998516083
2011,Least developed countries: UN classification,0.646650016307831
2011,Low & middle income,1.00826001167297
2011,Low income,0.588360011577606
2011,Lower middle income,0.877319991588593
2011,Middle East & North Africa,1.04557001590729
2011,Middle East & North Africa (excluding high income),1.00784003734589
2011,Middle East & North Africa (IDA & IBRD countries),1.00163996219635
2011,Middle income,1.02771997451782
2011,North America,1.27497005462646
2011,Not classified,0
2011,OECD members,1.15025997161865
2011,Other small states,1.22146999835968
2011,Pacific island small states,1.19902002811432
2011,Post-demographic dividend,1.18159997463226
2011,Pre-demographic dividend,0.614130020141602
2011,Small states,1.29191994667053
2011,South Asia,0.792370021343231
2011,South Asia (IDA & IBRD),0.792370021343231
2011,Sub-Saharan Africa,0.692260026931763
2011,Sub-Saharan Africa (excluding high income),0.692219972610474
2011,Sub-Saharan Africa (IDA & IBRD countries),0.692260026931763
2011,Upper middle income,1.14517998695374
2011,World,1.0686399936676
2012,Afghanistan,0
2012,Albania,1.28419005870819
2012,Algeria,1.32483994960785
2012,American Samoa,0
2012,Andorra,0
2012,Angola,0
2012,Antigua and Barbuda,1.5547000169754
2012,Argentina,1.35987997055054
2012,Armenia,1.1538200378418
2012,Aruba,1.33091998100281
2012,Australia,0
2012,Austria,0
2012,Azerbaijan,1.04551994800568
2012,"Bahamas, The",0
2012,Bahrain,1.50802004337311
2012,Bangladesh,0.722559988498688
2012,Barbados,0
2012,Belarus,1.28539001941681
2012,Belgium,1.22026002407074
2012,Belize,1.39512002468109
2012,Benin,0.345090001821518
2012,Bermuda,1.4974399805069
2012,Bhutan,0.720579981803894
2012,Bolivia,0
2012,Bosnia and Herzegovina,0
2012,Botswana,0
2012,Brazil,1.25802004337311
2012,British Virgin Islands,0
2012,Brunei Darussalam,1.43405997753143
2012,Bulgaria,1.21543002128601
2012,Burkina Faso,0.495680004358292
2012,Burundi,0.461659997701645
2012,Cabo Verde,1.27373003959656
2012,Cambodia,0
2012,Cameroon,0.773079991340637
2012,Canada,1.25513994693756
2012,Cayman Islands,0
2012,Central African Republic,0.366849988698959
2012,Chad,0
2012,Channel Islands,0
2012,Chile,1.10555005073547
2012,China,1.09719002246857
2012,Colombia,1.11670994758606
2012,Comoros,0.864979982376099
2012,"Congo, Dem. Rep.",0.552169978618622
2012,"Congo, Rep.",0.627919971942902
2012,Costa Rica,1.19913995265961
2012,Cote d'Ivoire,0
2012,Croatia,1.26593995094299
2012,Cuba,1.34860002994537
2012,Curacao,0
2012,Cyprus,1.151859998703
2012,Czech Republic,1.29385995864868
2012,Denmark,1.29365003108978
2012,Djibouti,0
2012,Dominica,0
2012,Dominican Republic,1.37305998802185
2012,Ecuador,1.23945999145508
2012,"Egypt, Arab Rep.",0.894630014896393
2012,El Salvador,1.0733699798584
2012,Equatorial Guinea,0
2012,Eritrea,0
2012,Estonia,1.35157001018524
2012,Eswatini,0
2012,Ethiopia,0.465319991111755
2012,Faroe Islands,0
2012,Fiji,0
2012,Finland,1.17430996894836
2012,France,1.20361995697021
2012,French Polynesia,0
2012,Gabon,0
2012,"Gambia, The",0.699429988861084
2012,Georgia,1.24960994720459
2012,Germany,0
2012,Ghana,0.632929980754852
2012,Gibraltar,0
2012,Greece,1.05517995357513
2012,Greenland,0
2012,Grenada,0
2012,Guam,0
2012,Guatemala,0
2012,Guinea,0.352530002593994
2012,Guinea-Bissau,0
2012,Guyana,1.49389004707336
2012,Haiti,0
2012,Honduras,1.27465999126434
2012,"Hong Kong SAR, China",1.05349004268646
2012,Hungary,1.23844003677368
2012,Iceland,1.4156299829483
2012,India,0
2012,Indonesia,1.03773999214172
2012,"Iran, Islamic Rep.",0.998749971389771
2012,Iraq,0
2012,Ireland,1.05581998825073
2012,Isle of Man,0
2012,Israel,1.24185001850128
2012,Italy,1.29787003993988
2012,Jamaica,1.51447999477386
2012,Japan,0
2012,Jordan,1.13251996040344
2012,Kazakhstan,1.21379995346069
2012,Kenya,0
2012,Kiribati,0
2012,"Korea, Dem. People's Rep.",0
2012,"Korea, Rep.",0.757120013237
2012,Kosovo,0
2012,Kuwait,0
2012,Kyrgyz Republic,1.20684003829956
2012,Lao PDR,0.817110002040863
2012,Latvia,1.35783994197845
2012,Lebanon,0
2012,Lesotho,1.31942999362946
2012,Liberia,0.624599993228912
2012,Libya,0
2012,Liechtenstein,0.553080022335052
2012,Lithuania,1.32246994972229
2012,Luxembourg,1.11878001689911
2012,"Macao SAR, China",1.18103003501892
2012,Madagascar,0.917089998722076
2012,Malawi,0
2012,Malaysia,1.25547003746033
2012,Maldives,0
2012,Mali,0.392610013484955
2012,Malta,1.26216995716095
2012,Marshall Islands,1.01210999488831
2012,Mauritania,0.427329987287521
2012,Mauritius,1.24677002429962
2012,Mexico,0.9792799949646
2012,"Micronesia, Fed. Sts.",0
2012,Moldova,0
2012,Monaco,0
2012,Mongolia,1.30474996566772
2012,Montenegro,0
2012,Morocco,0.924709975719452
2012,Mozambique,0.638000011444092
2012,Myanmar,1.17943000793457
2012,Namibia,0
2012,Nauru,0
2012,Nepal,0
2012,Netherlands,1.09156000614166
2012,New Caledonia,0
2012,New Zealand,0
2012,Nicaragua,0
2012,Niger,0.381949990987778
2012,Nigeria,0
2012,North Macedonia,1.16368997097015
2012,Northern Mariana Islands,0
2012,Norway,1.36614000797272
2012,Oman,0
2012,Pakistan,0.957620024681091
2012,Palau,0
2012,Panama,1.35429000854492
2012,Papua New Guinea,0
2012,Paraguay,0
2012,Peru,0
2012,Philippines,1.18552005290985
2012,Poland,1.36432003974915
2012,Portugal,1.15371000766754
2012,Puerto Rico,1.30496001243591
2012,Qatar,1.84233999252319
2012,Romania,1.21279001235962
2012,Russian Federation,1.21429002285004
2012,Rwanda,0.806070029735565
2012,Samoa,0
2012,San Marino,0
2012,Sao Tome and Principe,0.861670017242432
2012,Saudi Arabia,1.01479995250702
2012,Senegal,0.578140020370483
2012,Serbia,1.24476003646851
2012,Seychelles,1.71096003055573
2012,Sierra Leone,0
2012,Singapore,0
2012,Sint Maarten (Dutch part),1.63564002513885
2012,Slovak Republic,1.35023999214172
2012,Slovenia,1.322350025177
2012,Solomon Islands,0
2012,Somalia,0
2012,South Africa,1.28880000114441
2012,South Sudan,0
2012,Spain,1.18076002597809
2012,Sri Lanka,1.37604999542236
2012,St. Kitts and Nevis,0
2012,St. Lucia,1.5409699678421
2012,St. Martin (French part),0
2012,St. Vincent and the Grenadines,0
2012,Sudan,1.1122100353241
2012,Suriname,0
2012,Sweden,1.35591995716095
2012,Switzerland,0.99889999628067
2012,Syrian Arab Republic,0.980499982833862
2012,Tajikistan,0.524070024490356
2012,Tanzania,0.549149990081787
2012,Thailand,1.24053001403809
2012,Timor-Leste,0
2012,Togo,0.348300009965897
2012,Tonga,0
2012,Trinidad and Tobago,0
2012,Tunisia,1.36380004882813
2012,Turkey,0
2012,Turkmenistan,0
2012,Turks and Caicos Islands,0
2012,Tuvalu,0
2012,Uganda,0.684570014476776
2012,Ukraine,1.13106000423431
2012,United Arab Emirates,0
2012,United Kingdom,1.2457799911499
2012,United States,0
2012,Uruguay,0
2012,Uzbekistan,0.598200023174286
2012,Vanuatu,0
2012,"Venezuela, RB",0
2012,Vietnam,0
2012,Virgin Islands (U.S.),0
2012,West Bank and Gaza,1.29185998439789
2012,"Yemen, Rep.",0
2012,Zambia,0.737150013446808
2012,Zimbabwe,0.70525997877121
2012,Africa Eastern and Southern,0
2012,Africa Western and Central,0
2012,Arab World,1.03768002986908
2012,Caribbean small states,1.46482002735138
2012,Central Europe and the Baltics,1.31086003780365
2012,Early-demographic dividend,0.98769998550415
2012,East Asia & Pacific,1.0672299861908
2012,East Asia & Pacific (excluding high income),1.09271001815796
2012,East Asia & Pacific (IDA & IBRD countries),1.10057997703552
2012,Euro area,1.14954996109009
2012,Europe & Central Asia,1.15679001808167
2012,Europe & Central Asia (excluding high income),1.10945999622345
2012,Europe & Central Asia (IDA & IBRD countries),1.13804996013641
2012,European Union,1.20166003704071
2012,Fragile and conflict affected situations,0.894500017166138
2012,Heavily indebted poor countries (HIPC),0.67127001285553
2012,High income,1.19193994998932
2012,IBRD only,1.09185004234314
2012,IDA & IBRD total,1.04964995384216
2012,IDA blend,0.796639978885651
2012,IDA only,0.712679982185364
2012,IDA total,0.748780012130737
2012,Late-demographic dividend,1.16005003452301
2012,Latin America & Caribbean,1.22660994529724
2012,Latin America & Caribbean (excluding high income),1.20896005630493
2012,Latin America & the Caribbean (IDA & IBRD countries),1.22262001037598
2012,Least developed countries: UN classification,0.669219970703125
2012,Low & middle income,1.03491997718811
2012,Low income,0.61039000749588
2012,Lower middle income,0.937460005283356
2012,Middle East & North Africa,1.04087996482849
2012,Middle East & North Africa (excluding high income),1.00705003738403
2012,Middle East & North Africa (IDA & IBRD countries),1.00060999393463
2012,Middle income,1.0543600320816
2012,North America,1.27259004116058
2012,Not classified,0
2012,OECD members,1.14958000183105
2012,Other small states,1.2600200176239
2012,Pacific island small states,1.21215999126434
2012,Post-demographic dividend,1.17955994606018
2012,Pre-demographic dividend,0.635309994220734
2012,Small states,1.31036996841431
2012,South Asia,0.875680029392242
2012,South Asia (IDA & IBRD),0.875680029392242
2012,Sub-Saharan Africa,0.715690016746521
2012,Sub-Saharan Africa (excluding high income),0.715669989585876
2012,Sub-Saharan Africa (IDA & IBRD countries),0.715690016746521
2012,Upper middle income,1.14645004272461
2012,World,1.08510994911194
2013,Afghanistan,0
2013,Albania,1.28940999507904
2013,Algeria,1.33654999732971
2013,American Samoa,0
2013,Andorra,0
2013,Angola,0.796609997749329
2013,Antigua and Barbuda,0
2013,Argentina,1.37505996227264
2013,Armenia,1.11728000640869
2013,Aruba,1.54640996456146
2013,Australia,0
2013,Austria,1.16430997848511
2013,Azerbaijan,1.10141003131866
2013,"Bahamas, The",0
2013,Bahrain,1.55306994915009
2013,Bangladesh,0
2013,Barbados,0
2013,Belarus,1.26187002658844
2013,Belgium,1.22783005237579
2013,Belize,1.39079999923706
2013,Benin,0.380120009183884
2013,Bermuda,1.55122995376587
2013,Bhutan,0.770250022411346
2013,Bolivia,0
2013,Bosnia and Herzegovina,0
2013,Botswana,0
2013,Brazil,1.25976002216339
2013,British Virgin Islands,0
2013,Brunei Darussalam,1.46160995960236
2013,Bulgaria,1.213250041008
2013,Burkina Faso,0.49261000752449
2013,Burundi,0.485040009021759
2013,Cabo Verde,1.30956995487213
2013,Cambodia,0
2013,Cameroon,0.774140000343323
2013,Canada,1.25045001506805
2013,Cayman Islands,0
2013,Central African Republic,0
2013,Chad,0
2013,Channel Islands,0
2013,Chile,1.10020005702972
2013,China,1.11735999584198
2013,Colombia,1.12916004657745
2013,Comoros,0.867299973964691
2013,"Congo, Dem. Rep.",0.455309987068176
2013,"Congo, Rep.",0.751349985599518
2013,Costa Rica,1.18143999576569
2013,Cote d'Ivoire,0.608749985694885
2013,Croatia,1.25946998596191
2013,Cuba,1.40049004554749
2013,Curacao,1.56078004837036
2013,Cyprus,1.22517001628876
2013,Czech Republic,1.29642999172211
2013,Denmark,1.28014004230499
2013,Djibouti,0
2013,Dominica,0
2013,Dominican Republic,0
2013,Ecuador,0
2013,"Egypt, Arab Rep.",0.892719984054565
2013,El Salvador,1.0808299779892
2013,Equatorial Guinea,0
2013,Eritrea,0
2013,Estonia,1.3313399553299
2013,Eswatini,0.944369971752167
2013,Ethiopia,0
2013,Faroe Islands,0
2013,Fiji,0
2013,Finland,1.17228996753693
2013,France,1.19668996334076
2013,French Polynesia,0
2013,Gabon,0
2013,"Gambia, The",0
2013,Georgia,1.24828004837036
2013,Germany,0.939840018749237
2013,Ghana,0.646969974040985
2013,Gibraltar,0
2013,Greece,1.04419004917145
2013,Greenland,0
2013,Grenada,0
2013,Guam,0
2013,Guatemala,1.04379999637604
2013,Guinea,0.42085999250412
2013,Guinea-Bissau,0
2013,Guyana,0
2013,Haiti,0
2013,Honduras,1.27540004253387
2013,"Hong Kong SAR, China",1.09013998508453
2013,Hungary,1.22709000110626
2013,Iceland,1.41449999809265
2013,India,0.950959980487823
2013,Indonesia,1.10074996948242
2013,"Iran, Islamic Rep.",0.936249971389771
2013,Iraq,0
2013,Ireland,1.04694998264313
2013,Isle of Man,0
2013,Israel,1.25696003437042
2013,Italy,1.28598999977112
2013,Jamaica,1.56484997272491
2013,Japan,0
2013,Jordan,0
2013,Kazakhstan,1.21100997924805
2013,Kenya,0
2013,Kiribati,0
2013,"Korea, Dem. People's Rep.",0
2013,"Korea, Rep.",0.764450013637543
2013,Kosovo,0
2013,Kuwait,0
2013,Kyrgyz Republic,1.22534000873566
2013,Lao PDR,0.872039973735809
2013,Latvia,1.34127998352051
2013,Lebanon,0
2013,Lesotho,1.29799997806549
2013,Liberia,0
2013,Libya,0
2013,Liechtenstein,0
2013,Lithuania,1.32524001598358
2013,Luxembourg,0
2013,"Macao SAR, China",1.20071995258331
2013,Madagascar,0.937300026416779
2013,Malawi,0
2013,Malaysia,1.26472997665405
2013,Maldives,0
2013,Mali,0.415749996900558
2013,Malta,1.25446999073029
2013,Marshall Islands,0
2013,Mauritania,0.442019999027252
2013,Mauritius,1.18347001075745
2013,Mexico,0.977680027484894
2013,"Micronesia, Fed. Sts.",0
2013,Moldova,0
2013,Monaco,0
2013,Mongolia,1.29446995258331
2013,Montenegro,0
2013,Morocco,0.955410003662109
2013,Mozambique,0.657010018825531
2013,Myanmar,0
2013,Namibia,0
2013,Nauru,0
2013,Nepal,0.807879984378815
2013,Netherlands,0
2013,New Caledonia,0
2013,New Zealand,1.3257999420166
2013,Nicaragua,0
2013,Niger,0
2013,Nigeria,0
2013,North Macedonia,1.20670998096466
2013,Northern Mariana Islands,0
2013,Norway,1.33397996425629
2013,Oman,1.45067000389099
2013,Pakistan,0.980729997158051
2013,Palau,1.33861994743347
2013,Panama,0
2013,Papua New Guinea,0
2013,Paraguay,0
2013,Peru,0
2013,Philippines,1.20647001266479
2013,Poland,1.36375999450684
2013,Portugal,1.13280999660492
2013,Puerto Rico,1.30569994449615
2013,Qatar,1.83737003803253
2013,Romania,1.20310997962952
2013,Russian Federation,1.19161999225616
2013,Rwanda,0.795360028743744
2013,Samoa,0
2013,San Marino,0
2013,Sao Tome and Principe,0
2013,Saudi Arabia,0.966180026531219
2013,Senegal,0.578660011291504
2013,Serbia,1.24681997299194
2013,Seychelles,1.56156003475189
2013,Sierra Leone,0
2013,Singapore,0
2013,Sint Maarten (Dutch part),0
2013,Slovak Republic,1.3521900177002
2013,Slovenia,1.31066000461578
2013,Solomon Islands,0
2013,Somalia,0
2013,South Africa,1.29251003265381
2013,South Sudan,0
2013,Spain,1.17668998241425
2013,Sri Lanka,1.355260014534
2013,St. Kitts and Nevis,0
2013,St. Lucia,1.49939000606537
2013,St. Martin (French part),0
2013,St. Vincent and the Grenadines,0
2013,Sudan,1.10324001312256
2013,Suriname,0
2013,Sweden,1.35692000389099
2013,Switzerland,1.01200997829437
2013,Syrian Arab Republic,0.998070001602173
2013,Tajikistan,0.563130021095276
2013,Tanzania,0.541249990463257
2013,Thailand,1.26248002052307
2013,Timor-Leste,0
2013,Togo,0.390610009431839
2013,Tonga,0
2013,Trinidad and Tobago,0
2013,Tunisia,1.3746600151062
2013,Turkey,0
2013,Turkmenistan,0
2013,Turks and Caicos Islands,0
2013,Tuvalu,0
2013,Uganda,0
2013,Ukraine,1.16148996353149
2013,United Arab Emirates,0
2013,United Kingdom,1.24308001995087
2013,United States,1.27189004421234
2013,Uruguay,0
2013,Uzbekistan,0.59646999835968
2013,Vanuatu,0
2013,"Venezuela, RB",0
2013,Vietnam,0.908179998397827
2013,Virgin Islands (U.S.),0
2013,West Bank and Gaza,1.33290004730225
2013,"Yemen, Rep.",0
2013,Zambia,0
2013,Zimbabwe,0.775489985942841
2013,Africa Eastern and Southern,0
2013,Africa Western and Central,0
2013,Arab World,1.03311002254486
2013,Caribbean small states,1.49134004116058
2013,Central Europe and the Baltics,1.30848002433777
2013,Early-demographic dividend,1.01894998550415
2013,East Asia & Pacific,1.08963000774384
2013,East Asia & Pacific (excluding high income),1.11433005332947
2013,East Asia & Pacific (IDA & IBRD countries),1.12173998355865
2013,Euro area,1.14643001556396
2013,Europe & Central Asia,1.14730000495911
2013,Europe & Central Asia (excluding high income),1.09419000148773
2013,Europe & Central Asia (IDA & IBRD countries),1.12362003326416
2013,European Union,1.19736003875732
2013,Fragile and conflict affected situations,0.888859987258911
2013,Heavily indebted poor countries (HIPC),0.668169975280762
2013,High income,1.1900999546051
2013,IBRD only,1.11018002033234
2013,IDA & IBRD total,1.06635999679565
2013,IDA blend,0.809719979763031
2013,IDA only,0.721130013465881
2013,IDA total,0.757700026035309
2013,Late-demographic dividend,1.16500997543335
2013,Latin America & Caribbean,1.22773003578186
2013,Latin America & Caribbean (excluding high income),1.21126997470856
2013,Latin America & the Caribbean (IDA & IBRD countries),1.22350001335144
2013,Least developed countries: UN classification,0.684539973735809
2013,Low & middle income,1.05296003818512
2013,Low income,0.609300017356873
2013,Lower middle income,0.972779989242554
2013,Middle East & North Africa,1.01886999607086
2013,Middle East & North Africa (excluding high income),0.985840022563934
2013,Middle East & North Africa (IDA & IBRD countries),0.978320002555847
2013,Middle income,1.07334005832672
2013,North America,1.27022004127502
2013,Not classified,0
2013,OECD members,1.14709997177124
2013,Other small states,1.27455997467041
2013,Pacific island small states,1.22640001773834
2013,Post-demographic dividend,1.18078005313873
2013,Pre-demographic dividend,0.640929996967316
2013,Small states,1.32583999633789
2013,South Asia,0.926360011100769
2013,South Asia (IDA & IBRD),0.926360011100769
2013,Sub-Saharan Africa,0.725080013275146
2013,Sub-Saharan Africa (excluding high income),0.72504997253418
2013,Sub-Saharan Africa (IDA & IBRD countries),0.725080013275146
2013,Upper middle income,1.15093004703522
2013,World,1.09635996818542
2014,Afghanistan,0.275999993085861
2014,Albania,1.30338001251221
2014,Algeria,1.3468199968338
2014,American Samoa,0
2014,Andorra,0
2014,Angola,0
2014,Antigua and Barbuda,0
2014,Argentina,1.37992000579834
2014,Armenia,1.1229100227356
2014,Aruba,1.55953001976013
2014,Australia,0
2014,Austria,1.16147994995117
2014,Azerbaijan,1.12430000305176
2014,"Bahamas, The",0
2014,Bahrain,1.49451994895935
2014,Bangladesh,0.73733001947403
2014,Barbados,0
2014,Belarus,1.25163996219635
2014,Belgium,1.23273003101349
2014,Belize,1.39488005638123
2014,Benin,0.365119993686676
2014,Bermuda,1.4666999578476
2014,Bhutan,0
2014,Bolivia,0
2014,Bosnia and Herzegovina,0
2014,Botswana,1.18154001235962
2014,Brazil,1.2647500038147
2014,British Virgin Islands,0
2014,Brunei Darussalam,1.42376005649567
2014,Bulgaria,1.20594000816345
2014,Burkina Faso,0.485900014638901
2014,Burundi,0.444940000772476
2014,Cabo Verde,1.31665003299713
2014,Cambodia,0
2014,Cameroon,0.779330015182495
2014,Canada,1.25104999542236
2014,Cayman Islands,0
2014,Central African Republic,0
2014,Chad,0.197119995951653
2014,Channel Islands,0
2014,Chile,1.10378003120422
2014,China,1.13818001747131
2014,Colombia,1.13530004024506
2014,Comoros,0.811959981918335
2014,"Congo, Dem. Rep.",0
2014,"Congo, Rep.",0
2014,Costa Rica,1.19167995452881
2014,Cote d'Ivoire,0.570479989051819
2014,Croatia,1.26993000507355
2014,Cuba,0
2014,Curacao,0
2014,Cyprus,1.29545998573303
2014,Czech Republic,1.28648996353149
2014,Denmark,1.29268002510071
2014,Djibouti,0
2014,Dominica,0
2014,Dominican Republic,1.37899005413055
2014,Ecuador,0
2014,"Egypt, Arab Rep.",0.894159972667694
2014,El Salvador,1.0888500213623
2014,Equatorial Guinea,0
2014,Eritrea,0.495350003242493
2014,Estonia,1.33756995201111
2014,Eswatini,0
2014,Ethiopia,0.483209997415543
2014,Faroe Islands,0
2014,Fiji,0
2014,Finland,1.1690000295639
2014,France,1.19544005393982
2014,French Polynesia,0
2014,Gabon,0
2014,"Gambia, The",0
2014,Georgia,1.2221200466156
2014,Germany,0.954689979553223
2014,Ghana,0.674610018730164
2014,Gibraltar,0
2014,Greece,1.03910005092621
2014,Greenland,0
2014,Grenada,0
2014,Guam,0
2014,Guatemala,1.10336005687714
2014,Guinea,0.431439995765686
2014,Guinea-Bissau,0
2014,Guyana,0
2014,Haiti,0
2014,Honduras,1.26836001873016
2014,"Hong Kong SAR, China",1.1075199842453
2014,Hungary,1.22773003578186
2014,Iceland,1.42601001262665
2014,India,0.997489988803864
2014,Indonesia,1.10643005371094
2014,"Iran, Islamic Rep.",0.89970999956131
2014,Iraq,0
2014,Ireland,1.05304002761841
2014,Isle of Man,0
2014,Israel,1.25600004196167
2014,Italy,1.2804000377655
2014,Jamaica,0
2014,Japan,0
2014,Jordan,0
2014,Kazakhstan,1.20797002315521
2014,Kenya,0
2014,Kiribati,0
2014,"Korea, Dem. People's Rep.",0
2014,"Korea, Rep.",0.770919978618622
2014,Kosovo,0
2014,Kuwait,1.48660004138947
2014,Kyrgyz Republic,1.23315000534058
2014,Lao PDR,0.925050020217896
2014,Latvia,1.29967999458313
2014,Lebanon,0
2014,Lesotho,1.29604005813599
2014,Liberia,0
2014,Libya,0
2014,Liechtenstein,0.475100010633469
2014,Lithuania,1.31831002235413
2014,Luxembourg,0
2014,"Macao SAR, China",1.21852004528046
2014,Madagascar,0.917869985103607
2014,Malawi,0
2014,Malaysia,1.2540899515152
2014,Maldives,1.57650005817413
2014,Mali,0.416889995336533
2014,Malta,1.24094998836517
2014,Marshall Islands,0
2014,Mauritania,0
2014,Mauritius,1.18712997436523
2014,Mexico,0.983479976654053
2014,"Micronesia, Fed. Sts.",0
2014,Moldova,1.21088004112244
2014,Monaco,0
2014,Mongolia,1.29939997196198
2014,Montenegro,0
2014,Morocco,0.966560006141663
2014,Mozambique,0.702099978923798
2014,Myanmar,0
2014,Namibia,1.3955899477005
2014,Nauru,0
2014,Nepal,0
2014,Netherlands,0
2014,New Caledonia,0
2014,New Zealand,1.30461001396179
2014,Nicaragua,0
2014,Niger,0
2014,Nigeria,0
2014,North Macedonia,1.2054500579834
2014,Northern Mariana Islands,0
2014,Norway,1.30964994430542
2014,Oman,1.49755001068115
2014,Pakistan,1.06008994579315
2014,Palau,0
2014,Panama,1.37007999420166
2014,Papua New Guinea,0
2014,Paraguay,0
2014,Peru,0
2014,Philippines,1.2190500497818
2014,Poland,1.35109996795654
2014,Portugal,1.13592004776001
2014,Puerto Rico,0
2014,Qatar,1.84644997119904
2014,Romania,1.2028900384903
2014,Russian Federation,1.16665005683899
2014,Rwanda,0.839169979095459
2014,Samoa,0
2014,San Marino,0
2014,Sao Tome and Principe,0.871819972991943
2014,Saudi Arabia,0.992659986019135
2014,Senegal,0.585070013999939
2014,Serbia,1.23489999771118
2014,Seychelles,1.61700999736786
2014,Sierra Leone,0
2014,Singapore,0
2014,Sint Maarten (Dutch part),1.63928997516632
2014,Slovak Republic,1.35280001163483
2014,Slovenia,1.31053996086121
2014,Solomon Islands,0
2014,Somalia,0
2014,South Africa,1.29168999195099
2014,South Sudan,0
2014,Spain,1.16795003414154
2014,Sri Lanka,1.22642004489899
2014,St. Kitts and Nevis,1.02448999881744
2014,St. Lucia,1.52065002918243
2014,St. Martin (French part),0
2014,St. Vincent and the Grenadines,1.54803001880646
2014,Sudan,1.06011998653412
2014,Suriname,0
2014,Sweden,1.34958004951477
2014,Switzerland,1.01657998561859
2014,Syrian Arab Republic,1.02354001998901
2014,Tajikistan,0.609690010547638
2014,Tanzania,0
2014,Thailand,1.26034998893738
2014,Timor-Leste,0
2014,Togo,0.41839000582695
2014,Tonga,0
2014,Trinidad and Tobago,0
2014,Tunisia,1.39241003990173
2014,Turkey,0
2014,Turkmenistan,0.638499975204468
2014,Turks and Caicos Islands,0
2014,Tuvalu,0
2014,Uganda,0.729709982872009
2014,Ukraine,1.13496005535126
2014,United Arab Emirates,0
2014,United Kingdom,1.24170005321503
2014,United States,1.26513004302979
2014,Uruguay,0
2014,Uzbekistan,0.620429992675781
2014,Vanuatu,0
2014,"Venezuela, RB",0
2014,Vietnam,1.05260002613068
2014,Virgin Islands (U.S.),0
2014,West Bank and Gaza,1.35585999488831
2014,"Yemen, Rep.",0
2014,Zambia,0
2014,Zimbabwe,0
2014,Africa Eastern and Southern,0
2014,Africa Western and Central,0
2014,Arab World,1.03638005256653
2014,Caribbean small states,1.45562994480133
2014,Central Europe and the Baltics,1.30006003379822
2014,Early-demographic dividend,1.03826999664307
2014,East Asia & Pacific,1.11108994483948
2014,East Asia & Pacific (excluding high income),1.13270998001099
2014,East Asia & Pacific (IDA & IBRD countries),1.13894999027252
2014,Euro area,1.14476001262665
2014,Europe & Central Asia,1.13575005531311
2014,Europe & Central Asia (excluding high income),1.07427000999451
2014,Europe & Central Asia (IDA & IBRD countries),1.10332000255585
2014,European Union,1.19263994693756
2014,Fragile and conflict affected situations,0.885049998760223
2014,Heavily indebted poor countries (HIPC),0.663169980049133
2014,High income,1.18704998493195
2014,IBRD only,1.12093997001648
2014,IDA & IBRD total,1.07852005958557
2014,IDA blend,0.839720010757446
2014,IDA only,0.72816002368927
2014,IDA total,0.770709991455078
2014,Late-demographic dividend,1.1699800491333
2014,Latin America & Caribbean,1.22887003421783
2014,Latin America & Caribbean (excluding high income),1.21347999572754
2014,Latin America & the Caribbean (IDA & IBRD countries),1.22613000869751
2014,Least developed countries: UN classification,0.688989996910095
2014,Low & middle income,1.06693994998932
2014,Low income,0.61583000421524
2014,Lower middle income,0.999149978160858
2014,Middle East & North Africa,1.01068997383118
2014,Middle East & North Africa (excluding high income),0.974009990692139
2014,Middle East & North Africa (IDA & IBRD countries),0.96613997220993
2014,Middle income,1.08720004558563
2014,North America,1.26391005516052
2014,Not classified,0
2014,OECD members,1.14339005947113
2014,Other small states,1.28937995433807
2014,Pacific island small states,1.24042999744415
2014,Post-demographic dividend,1.17691004276276
2014,Pre-demographic dividend,0.634940028190613
2014,Small states,1.32711005210876
2014,South Asia,0.96754002571106
2014,South Asia (IDA & IBRD),0.96754002571106
2014,Sub-Saharan Africa,0.723940014839172
2014,Sub-Saharan Africa (excluding high income),0.723879992961884
2014,Sub-Saharan Africa (IDA & IBRD countries),0.723940014839172
2014,Upper middle income,1.15275001525879
2014,World,1.10308003425598
2015,Afghanistan,0
2015,Albania,1.29877996444702
2015,Algeria,1.36090004444122
2015,American Samoa,0
2015,Andorra,0
2015,Angola,0.785409986972809
2015,Antigua and Barbuda,0
2015,Argentina,1.38714003562927
2015,Armenia,1.16085994243622
2015,Aruba,1.55798995494843
2015,Australia,1.30770003795624
2015,Austria,1.16176998615265
2015,Azerbaijan,1.13967001438141
2015,"Bahamas, The",0
2015,Bahrain,1.4782600402832
2015,Bangladesh,0
2015,Barbados,0
2015,Belarus,1.24718999862671
2015,Belgium,1.23500001430511
2015,Belize,1.3780699968338
2015,Benin,0.401930004358292
2015,Bermuda,1.56725001335144
2015,Bhutan,0
2015,Bolivia,0
2015,Bosnia and Herzegovina,0
2015,Botswana,1.25416004657745
2015,Brazil,1.25352001190186
2015,British Virgin Islands,1.44264996051788
2015,Brunei Darussalam,1.4138799905777
2015,Bulgaria,1.21633005142212
2015,Burkina Faso,0.522719979286194
2015,Burundi,0.328480005264282
2015,Cabo Verde,1.31614995002747
2015,Cambodia,0.82081001996994
2015,Cameroon,0.80333000421524
2015,Canada,1.25442004203796
2015,Cayman Islands,0
2015,Central African Republic,0
2015,Chad,0.28999000787735
2015,Channel Islands,0
2015,Chile,1.10236001014709
2015,China,1.15626001358032
2015,Colombia,1.14204001426697
2015,Comoros,0
2015,"Congo, Dem. Rep.",0
2015,"Congo, Rep.",0
2015,Costa Rica,1.23505997657776
2015,Cote d'Ivoire,0.645150005817413
2015,Croatia,1.26145994663239
2015,Cuba,1.29034996032715
2015,Curacao,0
2015,Cyprus,1.26347005367279
2015,Czech Republic,1.28910005092621
2015,Denmark,1.28656005859375
2015,Djibouti,0
2015,Dominica,0
2015,Dominican Republic,1.45290994644165
2015,Ecuador,1.14236998558044
2015,"Egypt, Arab Rep.",0.961489975452423
2015,El Salvador,1.09684002399445
2015,Equatorial Guinea,0
2015,Eritrea,0.651009976863861
2015,Estonia,1.33995997905731
2015,Eswatini,0
2015,Ethiopia,0
2015,Faroe Islands,0
2015,Fiji,0
2015,Finland,1.16670000553131
2015,France,1.19532001018524
2015,French Polynesia,0
2015,Gabon,0
2015,"Gambia, The",0
2015,Georgia,1.19467997550964
2015,Germany,0.980069994926453
2015,Ghana,0.698580026626587
2015,Gibraltar,0
2015,Greece,0
2015,Greenland,0
2015,Grenada,1.13345003128052
2015,Guam,0
2015,Guatemala,1.14927005767822
2015,Guinea,0
2015,Guinea-Bissau,0
2015,Guyana,0
2015,Haiti,0
2015,Honduras,1.26924002170563
2015,"Hong Kong SAR, China",1.11822998523712
2015,Hungary,1.20489001274109
2015,Iceland,1.44210994243622
2015,India,1.00350999832153
2015,Indonesia,1.10088002681732
2015,"Iran, Islamic Rep.",0.848909974098206
2015,Iraq,0
2015,Ireland,1.08115005493164
2015,Isle of Man,0
2015,Israel,1.27692997455597
2015,Italy,1.27128994464874
2015,Jamaica,1.42692995071411
2015,Japan,0
2015,Jordan,1.08047997951508
2015,Kazakhstan,1.21700000762939
2015,Kenya,0.711650013923645
2015,Kiribati,0
2015,"Korea, Dem. People's Rep.",0.55102002620697
2015,"Korea, Rep.",0.778410017490387
2015,Kosovo,0
2015,Kuwait,1.51760995388031
2015,Kyrgyz Republic,1.23405003547668
2015,Lao PDR,0.946820020675659
2015,Latvia,1.35910999774933
2015,Lebanon,0
2015,Lesotho,1.33381998538971
2015,Liberia,0
2015,Libya,0
2015,Liechtenstein,0.488099992275238
2015,Lithuania,1.30420994758606
2015,Luxembourg,1.09799003601074
2015,"Macao SAR, China",1.2321799993515
2015,Madagascar,0.904150009155273
2015,Malawi,0
2015,Malaysia,1.22890996932983
2015,Maldives,0
2015,Mali,0.417989999055862
2015,Malta,1.2755800485611
2015,Marshall Islands,0
2015,Mauritania,0.500760018825531
2015,Mauritius,1.23808002471924
2015,Mexico,0.984170019626617
2015,"Micronesia, Fed. Sts.",0
2015,Moldova,1.2320499420166
2015,Monaco,0
2015,Mongolia,1.27181994915009
2015,Montenegro,0
2015,Morocco,0.957970023155212
2015,Mozambique,0.719489991664886
2015,Myanmar,0
2015,Namibia,1.42041003704071
2015,Nauru,0
2015,Nepal,0.940789997577667
2015,Netherlands,1.12635004520416
2015,New Caledonia,0
2015,New Zealand,1.29051005840302
2015,Nicaragua,0
2015,Niger,0.478780001401901
2015,Nigeria,0
2015,North Macedonia,1.20051002502441
2015,Northern Mariana Islands,0
2015,Norway,1.31316995620728
2015,Oman,1.47695994377136
2015,Pakistan,0.874130010604858
2015,Palau,0
2015,Panama,1.36465001106262
2015,Papua New Guinea,0
2015,Paraguay,0
2015,Peru,0
2015,Philippines,0
2015,Poland,1.34010004997253
2015,Portugal,1.11730003356934
2015,Puerto Rico,0
2015,Qatar,1.85843002796173
2015,Romania,1.20217001438141
2015,Russian Federation,1.16977000236511
2015,Rwanda,0.788070023059845
2015,Samoa,0
2015,San Marino,0
2015,Sao Tome and Principe,1.03869998455048
2015,Saudi Arabia,1.01229000091553
2015,Senegal,0.593299984931946
2015,Serbia,1.24996995925903
2015,Seychelles,1.53876996040344
2015,Sierra Leone,0
2015,Singapore,0
2015,Sint Maarten (Dutch part),1.70471000671387
2015,Slovak Republic,1.35145998001099
2015,Slovenia,1.31860995292664
2015,Solomon Islands,0
2015,Somalia,0
2015,South Africa,0
2015,South Sudan,0
2015,Spain,1.15980994701385
2015,Sri Lanka,1.35175001621246
2015,St. Kitts and Nevis,1.50185000896454
2015,St. Lucia,1.47336995601654
2015,St. Martin (French part),0
2015,St. Vincent and the Grenadines,1.40259003639221
2015,Sudan,1.01642000675201
2015,Suriname,0
2015,Sweden,1.3444299697876
2015,Switzerland,1.02778005599976
2015,Syrian Arab Republic,1.09065997600555
2015,Tajikistan,0.674549996852875
2015,Tanzania,0.538110017776489
2015,Thailand,0
2015,Timor-Leste,0
2015,Togo,0.425949990749359
2015,Tonga,0
2015,Trinidad and Tobago,0
2015,Tunisia,1.39667999744415
2015,Turkey,0
2015,Turkmenistan,0
2015,Turks and Caicos Islands,0
2015,Tuvalu,0
2015,Uganda,0
2015,Ukraine,0
2015,United Arab Emirates,0
2015,United Kingdom,1.24882996082306
2015,United States,1.26267004013062
2015,Uruguay,0
2015,Uzbekistan,0.629010021686554
2015,Vanuatu,0
2015,"Venezuela, RB",0
2015,Vietnam,1.00548005104065
2015,Virgin Islands (U.S.),0
2015,West Bank and Gaza,1.36496996879578
2015,"Yemen, Rep.",0
2015,Zambia,0
2015,Zimbabwe,0.839969992637634
2015,Africa Eastern and Southern,0
2015,Africa Western and Central,0
2015,Arab World,1.05288004875183
2015,Caribbean small states,1.42337000370026
2015,Central Europe and the Baltics,1.29489004611969
2015,Early-demographic dividend,1.03645002841949
2015,East Asia & Pacific,1.12340998649597
2015,East Asia & Pacific (excluding high income),1.1438000202179
2015,East Asia & Pacific (IDA & IBRD countries),1.14968001842499
2015,Euro area,1.14616000652313
2015,Europe & Central Asia,1.13318002223969
2015,Europe & Central Asia (excluding high income),1.06895995140076
2015,Europe & Central Asia (IDA & IBRD countries),1.09642004966736
2015,European Union,1.19161999225616
2015,Fragile and conflict affected situations,0.887539982795715
2015,Heavily indebted poor countries (HIPC),0.674090027809143
2015,High income,1.18754994869232
2015,IBRD only,1.12364995479584
2015,IDA & IBRD total,1.07920002937317
2015,IDA blend,0.777480006217957
2015,IDA only,0.738600015640259
2015,IDA total,0.758419990539551
2015,Late-demographic dividend,1.17675995826721
2015,Latin America & Caribbean,1.22645998001099
2015,Latin America & Caribbean (excluding high income),1.21148002147675
2015,Latin America & the Caribbean (IDA & IBRD countries),1.22456002235413
2015,Least developed countries: UN classification,0.694270014762878
2015,Low & middle income,1.06832003593445
2015,Low income,0.624019980430603
2015,Lower middle income,0.993560016155243
2015,Middle East & North Africa,1.00750994682312
2015,Middle East & North Africa (excluding high income),0.968590021133423
2015,Middle East & North Africa (IDA & IBRD countries),0.960510015487671
2015,Middle income,1.08819997310638
2015,North America,1.26192998886108
2015,Not classified,0
2015,OECD members,1.14250004291534
2015,Other small states,1.31405997276306
2015,Pacific island small states,1.25533998012543
2015,Post-demographic dividend,1.17790997028351
2015,Pre-demographic dividend,0.642199993133545
2015,Small states,1.33665001392365
2015,South Asia,0.961979985237122
2015,South Asia (IDA & IBRD),0.961979985237122
2015,Sub-Saharan Africa,0.734300017356873
2015,Sub-Saharan Africa (excluding high income),0.734210014343262
2015,Sub-Saharan Africa (IDA & IBRD countries),0.734300017356873
2015,Upper middle income,1.15929996967316
2015,World,1.10353994369507
2016,Afghanistan,0
2016,Albania,1.32128000259399
2016,Algeria,1.40208005905151
2016,American Samoa,0
2016,Andorra,0
2016,Angola,0.825659990310669
2016,Antigua and Barbuda,0
2016,Argentina,1.3965300321579
2016,Armenia,1.21184003353119
2016,Aruba,1.48461997509003
2016,Australia,1.30055999755859
2016,Austria,1.15832996368408
2016,Azerbaijan,1.15074002742767
2016,"Bahamas, The",0
2016,Bahrain,1.46468997001648
2016,Bangladesh,0.700659990310669
2016,Barbados,0
2016,Belarus,1.22545003890991
2016,Belgium,1.23164999485016
2016,Belize,1.38238000869751
2016,Benin,0.42069000005722
2016,Bermuda,0
2016,Bhutan,0
2016,Bolivia,0
2016,Bosnia and Herzegovina,0
2016,Botswana,1.29325997829437
2016,Brazil,1.27637994289398
2016,British Virgin Islands,1.36909997463226
2016,Brunei Darussalam,1.39604997634888
2016,Bulgaria,1.19660997390747
2016,Burkina Faso,0.512260019779205
2016,Burundi,0.489459991455078
2016,Cabo Verde,1.33542001247406
2016,Cambodia,0
2016,Cameroon,0.881429970264435
2016,Canada,1.25399005413055
2016,Cayman Islands,0
2016,Central African Republic,0
2016,Chad,0
2016,Channel Islands,0
2016,Chile,1.11475002765656
2016,China,1.16929996013641
2016,Colombia,1.14023995399475
2016,Comoros,0
2016,"Congo, Dem. Rep.",0.558820009231567
2016,"Congo, Rep.",0
2016,Costa Rica,1.19047999382019
2016,Cote d'Ivoire,0.679849982261658
2016,Croatia,1.27418994903564
2016,Cuba,1.28858995437622
2016,Curacao,0
2016,Cyprus,1.17028999328613
2016,Czech Republic,1.28910994529724
2016,Denmark,1.26722002029419
2016,Djibouti,0
2016,Dominica,0
2016,Dominican Republic,1.43986999988556
2016,Ecuador,0
2016,"Egypt, Arab Rep.",1.02232003211975
2016,El Salvador,1.10746002197266
2016,Equatorial Guinea,0
2016,Eritrea,0.709029972553253
2016,Estonia,1.33815002441406
2016,Eswatini,0
2016,Ethiopia,0
2016,Faroe Islands,0
2016,Fiji,0
2016,Finland,1.15626001358032
2016,France,1.19184005260468
2016,French Polynesia,0
2016,Gabon,0
2016,"Gambia, The",0
2016,Georgia,1.13757002353668
2016,Germany,0.996730029582977
2016,Ghana,0.720470011234283
2016,Gibraltar,0
2016,Greece,1.0171799659729
2016,Greenland,0
2016,Grenada,1.21117997169495
2016,Guam,0
2016,Guatemala,0
2016,Guinea,0
2016,Guinea-Bissau,0
2016,Guyana,0
2016,Haiti,0
2016,Honduras,1.27611005306244
2016,"Hong Kong SAR, China",1.13047003746033
2016,Hungary,1.19858002662659
2016,Iceland,1.46504998207092
2016,India,1.01497995853424
2016,Indonesia,1.11757004261017
2016,"Iran, Islamic Rep.",0.85698002576828
2016,Iraq,0
2016,Ireland,1.09621000289917
2016,Isle of Man,0
2016,Israel,1.28539001941681
2016,Italy,1.26593005657196
2016,Jamaica,0
2016,Japan,0.951550006866455
2016,Jordan,1.06674003601074
2016,Kazakhstan,1.19167995452881
2016,Kenya,0.699199974536896
2016,Kiribati,0
2016,"Korea, Dem. People's Rep.",0
2016,"Korea, Rep.",0.785730004310608
2016,Kosovo,0
2016,Kuwait,1.54949998855591
2016,Kyrgyz Republic,1.21754002571106
2016,Lao PDR,0.989660024642944
2016,Latvia,1.34677004814148
2016,Lebanon,0
2016,Lesotho,0
2016,Liberia,0
2016,Libya,0
2016,Liechtenstein,0.546019971370697
2016,Lithuania,1.27149999141693
2016,Luxembourg,1.10030996799469
2016,"Macao SAR, China",1.24720001220703
2016,Madagascar,0.920009970664978
2016,Malawi,0
2016,Malaysia,1.14681994915009
2016,Maldives,0
2016,Mali,0
2016,Malta,1.26933002471924
2016,Marshall Islands,0
2016,Mauritania,0.505339980125427
2016,Mauritius,1.22414004802704
2016,Mexico,1.00692999362946
2016,"Micronesia, Fed. Sts.",0
2016,Moldova,1.24249005317688
2016,Monaco,0
2016,Mongolia,1.27632999420166
2016,Montenegro,1.21140003204346
2016,Morocco,0.925719976425171
2016,Mozambique,0.776660025119781
2016,Myanmar,0
2016,Namibia,1.42121005058289
2016,Nauru,0
2016,Nepal,0.976989984512329
2016,Netherlands,1.11422002315521
2016,New Caledonia,0
2016,New Zealand,1.29288005828857
2016,Nicaragua,0
2016,Niger,0.559979975223541
2016,Nigeria,0
2016,North Macedonia,0
2016,Northern Mariana Islands,0
2016,Norway,1.32317996025085
2016,Oman,1.46045005321503
2016,Pakistan,0.871720016002655
2016,Palau,0
2016,Panama,1.36325001716614
2016,Papua New Guinea,0
2016,Paraguay,0
2016,Peru,1.06564998626709
2016,Philippines,0
2016,Poland,1.33736002445221
2016,Portugal,1.10327005386353
2016,Puerto Rico,0
2016,Qatar,1.86573994159698
2016,Romania,1.21115005016327
2016,Russian Federation,1.157870054245
2016,Rwanda,0.774779975414276
2016,Samoa,0
2016,San Marino,0
2016,Sao Tome and Principe,0
2016,Saudi Arabia,1.00576996803284
2016,Senegal,0.590659976005554
2016,Serbia,1.23915004730225
2016,Seychelles,1.46527004241943
2016,Sierra Leone,0
2016,Singapore,1.1403900384903
2016,Sint Maarten (Dutch part),0
2016,Slovak Republic,1.34238004684448
2016,Slovenia,1.30229997634888
2016,Solomon Islands,0
2016,Somalia,0
2016,South Africa,1.2880699634552
2016,South Sudan,0
2016,Spain,1.163370013237
2016,Sri Lanka,1.3570499420166
2016,St. Kitts and Nevis,0
2016,St. Lucia,1.48759996891022
2016,St. Martin (French part),0
2016,St. Vincent and the Grenadines,0
2016,Sudan,0
2016,Suriname,0
2016,Sweden,1.35090005397797
2016,Switzerland,1.0195699930191
2016,Syrian Arab Republic,1.12433004379272
2016,Tajikistan,0.721700012683868
2016,Tanzania,0
2016,Thailand,1.28944003582001
2016,Timor-Leste,0
2016,Togo,0.444370001554489
2016,Tonga,0
2016,Trinidad and Tobago,0
2016,Tunisia,1.42220997810364
2016,Turkey,0
2016,Turkmenistan,0
2016,Turks and Caicos Islands,0
2016,Tuvalu,0
2016,Uganda,0
2016,Ukraine,0
2016,United Arab Emirates,0
2016,United Kingdom,1.25672996044159
2016,United States,1.25643002986908
2016,Uruguay,0
2016,Uzbekistan,0.646709978580475
2016,Vanuatu,0
2016,"Venezuela, RB",0
2016,Vietnam,1.1950900554657
2016,Virgin Islands (U.S.),0
2016,West Bank and Gaza,1.37162005901337
2016,"Yemen, Rep.",0
2016,Zambia,0
2016,Zimbabwe,0
2016,Africa Eastern and Southern,0
2016,Africa Western and Central,0
2016,Arab World,1.08033001422882
2016,Caribbean small states,1.4281200170517
2016,Central Europe and the Baltics,1.29094004631042
2016,Early-demographic dividend,1.04794001579285
2016,East Asia & Pacific,1.14014005661011
2016,East Asia & Pacific (excluding high income),1.16071999073029
2016,East Asia & Pacific (IDA & IBRD countries),1.16662001609802
2016,Euro area,1.14445996284485
2016,Europe & Central Asia,1.12489998340607
2016,Europe & Central Asia (excluding high income),1.05195999145508
2016,Europe & Central Asia (IDA & IBRD countries),1.08019995689392
2016,European Union,1.19029998779297
2016,Fragile and conflict affected situations,0.902700006961823
2016,Heavily indebted poor countries (HIPC),0.690400004386902
2016,High income,1.18534994125366
2016,IBRD only,1.13496005535126
2016,IDA & IBRD total,1.08955001831055
2016,IDA blend,0.778500020503998
2016,IDA only,0.743019998073578
2016,IDA total,0.760850012302399
2016,Late-demographic dividend,1.18904995918274
2016,Latin America & Caribbean,1.23046004772186
2016,Latin America & Caribbean (excluding high income),1.21600997447968
2016,Latin America & the Caribbean (IDA & IBRD countries),1.2287700176239
2016,Least developed countries: UN classification,0.69989001750946
2016,Low & middle income,1.07915997505188
2016,Low income,0.630879998207092
2016,Lower middle income,1.01311004161835
2016,Middle East & North Africa,1.03609001636505
2016,Middle East & North Africa (excluding high income),1.00352001190186
2016,Middle East & North Africa (IDA & IBRD countries),0.995500028133392
2016,Middle income,1.09895002841949
2016,North America,1.25621998310089
2016,Not classified,0
2016,OECD members,1.13862001895905
2016,Other small states,1.31642997264862
2016,Pacific island small states,1.26970994472504
2016,Post-demographic dividend,1.17596995830536
2016,Pre-demographic dividend,0.655239999294281
2016,Small states,1.34010004997253
2016,South Asia,0.96763002872467
2016,South Asia (IDA & IBRD),0.96763002872467
2016,Sub-Saharan Africa,0.745549976825714
2016,Sub-Saharan Africa (excluding high income),0.745450019836426
2016,Sub-Saharan Africa (IDA & IBRD countries),0.745549976825714
2016,Upper middle income,1.16405999660492
2016,World,1.11078000068665
2017,Afghanistan,0
2017,Albania,1.34487998485565
2017,Algeria,1.32897996902466
2017,American Samoa,0
2017,Andorra,0
2017,Angola,0
2017,Antigua and Barbuda,0
2017,Argentina,1.39915001392365
2017,Armenia,1.21487998962402
2017,Aruba,0
2017,Australia,1.29622995853424
2017,Austria,1.15585005283356
2017,Azerbaijan,1.12962996959686
2017,"Bahamas, The",0
2017,Bahrain,1.47171998023987
2017,Bangladesh,0.700810015201569
2017,Barbados,0
2017,Belarus,1.1957700252533
2017,Belgium,1.23405003547668
2017,Belize,1.38271999359131
2017,Benin,0.439359992742538
2017,Bermuda,1.40530002117157
2017,Bhutan,0
2017,Bolivia,0
2017,Bosnia and Herzegovina,0
2017,Botswana,1.29964005947113
2017,Brazil,1.26814997196198
2017,British Virgin Islands,0
2017,Brunei Darussalam,1.38282001018524
2017,Bulgaria,1.19168996810913
2017,Burkina Faso,0.521220028400421
2017,Burundi,0.526489973068237
2017,Cabo Verde,1.33171999454498
2017,Cambodia,0.865360021591187
2017,Cameroon,0.813530027866364
2017,Canada,1.25504994392395
2017,Cayman Islands,0
2017,Central African Republic,0
2017,Chad,0
2017,Channel Islands,0
2017,Chile,1.12889003753662
2017,China,1.17160999774933
2017,Colombia,1.14203000068665
2017,Comoros,0
2017,"Congo, Dem. Rep.",0
2017,"Congo, Rep.",0.668739974498749
2017,Costa Rica,1.20609998703003
2017,Cote d'Ivoire,0.690280020236969
2017,Croatia,1.27208995819092
2017,Cuba,1.40690994262695
2017,Curacao,0
2017,Cyprus,1.15505003929138
2017,Czech Republic,1.29075002670288
2017,Denmark,1.26952004432678
2017,Djibouti,0
2017,Dominica,0
2017,Dominican Republic,1.44187998771667
2017,Ecuador,0
2017,"Egypt, Arab Rep.",1.03349995613098
2017,El Salvador,1.10563004016876
2017,Equatorial Guinea,0
2017,Eritrea,0
2017,Estonia,1.34440994262695
2017,Eswatini,0
2017,Ethiopia,0
2017,Faroe Islands,0
2017,Fiji,0
2017,Finland,1.15445995330811
2017,France,1.19454002380371
2017,French Polynesia,0
2017,Gabon,0
2017,"Gambia, The",0
2017,Georgia,1.12241995334625
2017,Germany,1.01256000995636
2017,Ghana,0.725750029087067
2017,Gibraltar,0
2017,Greece,1.00558996200562
2017,Greenland,0
2017,Grenada,1.18165004253387
2017,Guam,0
2017,Guatemala,0
2017,Guinea,0
2017,Guinea-Bissau,0
2017,Guyana,0
2017,Haiti,0
2017,Honduras,1.26496005058289
2017,"Hong Kong SAR, China",1.10511004924774
2017,Hungary,1.19609999656677
2017,Iceland,1.46410000324249
2017,India,1.04021000862122
2017,Indonesia,1.12778997421265
2017,"Iran, Islamic Rep.",0.857159972190857
2017,Iraq,0
2017,Ireland,1.10067999362946
2017,Isle of Man,0
2017,Israel,1.2907999753952
2017,Italy,1.25855994224548
2017,Jamaica,0
2017,Japan,0.960449993610382
2017,Jordan,1.12592995166779
2017,Kazakhstan,1.20917999744415
2017,Kenya,0.737129986286163
2017,Kiribati,0
2017,"Korea, Dem. People's Rep.",0
2017,"Korea, Rep.",0.790849983692169
2017,Kosovo,0
2017,Kuwait,1.52683997154236
2017,Kyrgyz Republic,1.19403004646301
2017,Lao PDR,1.03815996646881
2017,Latvia,1.31445002555847
2017,Lebanon,0
2017,Lesotho,1.38303005695343
2017,Liberia,0
2017,Libya,0
2017,Liechtenstein,0.626909971237183
2017,Lithuania,1.26903998851776
2017,Luxembourg,1.0958399772644
2017,"Macao SAR, China",1.23404002189636
2017,Madagascar,0.931119978427887
2017,Malawi,0
2017,Malaysia,1.13849997520447
2017,Maldives,1.72201001644135
2017,Mali,0
2017,Malta,1.27134001255035
2017,Marshall Islands,0
2017,Mauritania,0.503180027008057
2017,Mauritius,1.28652000427246
2017,Mexico,1.01927995681763
2017,"Micronesia, Fed. Sts.",0
2017,Moldova,1.22753000259399
2017,Monaco,0
2017,Mongolia,1.29396998882294
2017,Montenegro,1.23002994060516
2017,Morocco,0.971780002117157
2017,Mozambique,0.800599992275238
2017,Myanmar,0
2017,Namibia,1.49412000179291
2017,Nauru,0
2017,Nepal,1.00899994373322
2017,Netherlands,1.127769947052
2017,New Caledonia,0
2017,New Zealand,1.30169999599457
2017,Nicaragua,0
2017,Niger,0.492020010948181
2017,Nigeria,0
2017,North Macedonia,1.24425995349884
2017,Northern Mariana Islands,0
2017,Norway,1.32834994792938
2017,Oman,1.51013994216919
2017,Pakistan,0.869639992713928
2017,Palau,0
2017,Panama,0
2017,Papua New Guinea,0
2017,Paraguay,0
2017,Peru,1.05420005321503
2017,Philippines,1.23854994773865
2017,Poland,1.33596003055573
2017,Portugal,1.11180996894836
2017,Puerto Rico,0
2017,Qatar,1.870609998703
2017,Romania,1.21016001701355
2017,Russian Federation,1.15806996822357
2017,Rwanda,0.895070016384125
2017,Samoa,1.52433001995087
2017,San Marino,0
2017,Sao Tome and Principe,0
2017,Saudi Arabia,0.990090012550354
2017,Senegal,0.599839985370636
2017,Serbia,1.26189005374908
2017,Seychelles,1.56657004356384
2017,Sierra Leone,0
2017,Singapore,1.13441002368927
2017,Sint Maarten (Dutch part),0
2017,Slovak Republic,1.34472000598907
2017,Slovenia,1.30178999900818
2017,Solomon Islands,0
2017,Somalia,0
2017,South Africa,1.30160999298096
2017,South Sudan,0
2017,Spain,1.16463994979858
2017,Sri Lanka,1.3396600484848
2017,St. Kitts and Nevis,0
2017,St. Lucia,1.50018000602722
2017,St. Martin (French part),0
2017,St. Vincent and the Grenadines,0
2017,Sudan,0
2017,Suriname,0
2017,Sweden,1.35766005516052
2017,Switzerland,1.02496004104614
2017,Syrian Arab Republic,0
2017,Tajikistan,0.757049977779388
2017,Tanzania,0
2017,Thailand,0
2017,Timor-Leste,0
2017,Togo,0.458990007638931
2017,Tonga,0
2017,Trinidad and Tobago,0
2017,Tunisia,1.44579994678497
2017,Turkey,0
2017,Turkmenistan,0
2017,Turks and Caicos Islands,0
2017,Tuvalu,0
2017,Uganda,0
2017,Ukraine,0
2017,United Arab Emirates,0
2017,United Kingdom,1.26531004905701
2017,United States,1.26481997966766
2017,Uruguay,0
2017,Uzbekistan,0.607919991016388
2017,Vanuatu,0
2017,"Venezuela, RB",0
2017,Vietnam,0
2017,Virgin Islands (U.S.),0
2017,West Bank and Gaza,1.38194000720978
2017,"Yemen, Rep.",0
2017,Zambia,0
2017,Zimbabwe,0
2017,Africa Eastern and Southern,0
2017,Africa Western and Central,0
2017,Arab World,1.0716700553894
2017,Caribbean small states,0
2017,Central Europe and the Baltics,1.28882002830505
2017,Early-demographic dividend,1.05966997146606
2017,East Asia & Pacific,1.14397001266479
2017,East Asia & Pacific (excluding high income),1.1640499830246
2017,East Asia & Pacific (IDA & IBRD countries),1.16993999481201
2017,Euro area,1.1473400592804
2017,Europe & Central Asia,1.12390005588531
2017,Europe & Central Asia (excluding high income),1.04671001434326
2017,Europe & Central Asia (IDA & IBRD countries),1.07444000244141
2017,European Union,1.19228005409241
2017,Fragile and conflict affected situations,0.901199996471405
2017,Heavily indebted poor countries (HIPC),0.696839988231659
2017,High income,1.19052994251251
2017,IBRD only,1.14069998264313
2017,IDA & IBRD total,1.09496998786926
2017,IDA blend,0.776679992675781
2017,IDA only,0.751020014286041
2017,IDA total,0.765389978885651
2017,Late-demographic dividend,1.19049000740051
2017,Latin America & Caribbean,1.2320499420166
2017,Latin America & Caribbean (excluding high income),1.21770000457764
2017,Latin America & the Caribbean (IDA & IBRD countries),1.22890996932983
2017,Least developed countries: UN classification,0.708369970321655
2017,Low & middle income,1.08526003360748
2017,Low income,0.632759988307953
2017,Lower middle income,1.02645003795624
2017,Middle East & North Africa,1.0343199968338
2017,Middle East & North Africa (excluding high income),1.00433003902435
2017,Middle East & North Africa (IDA & IBRD countries),0.995989978313446
2017,Middle income,1.10517001152039
2017,North America,1.2640700340271
2017,Not classified,0
2017,OECD members,1.14260005950928
2017,Other small states,1.33937001228333
2017,Pacific island small states,1.28426003456116
2017,Post-demographic dividend,1.18189001083374
2017,Pre-demographic dividend,0.658919990062714
2017,Small states,1.35635995864868
2017,South Asia,0.989449977874756
2017,South Asia (IDA & IBRD),0.989449977874756
2017,Sub-Saharan Africa,0.755550026893616
2017,Sub-Saharan Africa (excluding high income),0.755429983139038
2017,Sub-Saharan Africa (IDA & IBRD countries),0.755550026893616
2017,Upper middle income,1.16582000255585
2017,World,1.11602997779846
2018,Afghanistan,0.345230013132095
2018,Albania,1.36299002170563
2018,Algeria,1.39722001552582
2018,American Samoa,0
2018,Andorra,0
2018,Angola,0
2018,Antigua and Barbuda,0
2018,Argentina,1.39617002010345
2018,Armenia,1.24787998199463
2018,Aruba,0
2018,Australia,1.26203000545502
2018,Austria,1.16297996044159
2018,Azerbaijan,1.1274299621582
2018,"Bahamas, The",0
2018,Bahrain,1.45472002029419
2018,Bangladesh,0.707140028476715
2018,Barbados,0
2018,Belarus,1.15685999393463
2018,Belgium,1.23610997200012
2018,Belize,1.39042997360229
2018,Benin,0.467420011758804
2018,Bermuda,1.3327499628067
2018,Bhutan,0.992410004138947
2018,Bolivia,0
2018,Bosnia and Herzegovina,0
2018,Botswana,0
2018,Brazil,1.26634001731873
2018,British Virgin Islands,1.44345998764038
2018,Brunei Darussalam,1.35680997371674
2018,Bulgaria,1.19088995456696
2018,Burkina Faso,0.58202999830246
2018,Burundi,0.607990026473999
2018,Cabo Verde,1.32814002037048
2018,Cambodia,0.896889984607697
2018,Cameroon,0.88621997833252
2018,Canada,1.25332999229431
2018,Cayman Islands,0
2018,Central African Republic,0
2018,Chad,0
2018,Channel Islands,0
2018,Chile,1.14070999622345
2018,China,1.17811000347137
2018,Colombia,1.14455997943878
2018,Comoros,0
2018,"Congo, Dem. Rep.",0
2018,"Congo, Rep.",0
2018,Costa Rica,1.17877995967865
2018,Cote d'Ivoire,0
2018,Croatia,1.28174996376038
2018,Cuba,1.36710000038147
2018,Curacao,0
2018,Cyprus,1.07647001743317
2018,Czech Republic,1.28218996524811
2018,Denmark,1.27293002605438
2018,Djibouti,0
2018,Dominica,0
2018,Dominican Republic,0
2018,Ecuador,1.12879002094269
2018,"Egypt, Arab Rep.",1.04445004463196
2018,El Salvador,1.11573994159698
2018,Equatorial Guinea,0
2018,Eritrea,0
2018,Estonia,1.3402099609375
2018,Eswatini,0
2018,Ethiopia,0
2018,Faroe Islands,0
2018,Fiji,0
2018,Finland,1.15553998947144
2018,France,1.19896996021271
2018,French Polynesia,0
2018,Gabon,0
2018,"Gambia, The",0
2018,Georgia,1.10170996189117
2018,Germany,1.03076994419098
2018,Ghana,0.765330016613007
2018,Gibraltar,0
2018,Greece,1.00040996074677
2018,Greenland,0
2018,Grenada,1.19808995723724
2018,Guam,0
2018,Guatemala,0
2018,Guinea,0
2018,Guinea-Bissau,0
2018,Guyana,0
2018,Haiti,0
2018,Honduras,1.26745998859406
2018,"Hong Kong SAR, China",1.10133004188538
2018,Hungary,1.18465995788574
2018,Iceland,1.45911002159119
2018,India,1.06508004665375
2018,Indonesia,1.13442003726959
2018,"Iran, Islamic Rep.",0.884459972381592
2018,Iraq,0
2018,Ireland,1.11401998996735
2018,Isle of Man,0
2018,Israel,1.2974100112915
2018,Italy,1.25562000274658
2018,Jamaica,0
2018,Japan,0.966520011425018
2018,Jordan,1.15682995319366
2018,Kazakhstan,1.19696998596191
2018,Kenya,0
2018,Kiribati,0
2018,"Korea, Dem. People's Rep.",0.512510001659393
2018,"Korea, Rep.",0.802820026874542
2018,Kosovo,0
2018,Kuwait,1.52945995330811
2018,Kyrgyz Republic,1.22956001758575
2018,Lao PDR,1.07037997245789
2018,Latvia,1.32555997371674
2018,Lebanon,0
2018,Lesotho,1.3532600402832
2018,Liberia,0
2018,Libya,0
2018,Liechtenstein,0.56496000289917
2018,Lithuania,1.27148997783661
2018,Luxembourg,1.13323998451233
2018,"Macao SAR, China",1.25878000259399
2018,Madagascar,0.950209975242615
2018,Malawi,0
2018,Malaysia,1.18436002731323
2018,Maldives,0
2018,Mali,0
2018,Malta,1.2671400308609
2018,Marshall Islands,0
2018,Mauritania,0.541689991950989
2018,Mauritius,0
2018,Mexico,1.0369199514389
2018,"Micronesia, Fed. Sts.",0
2018,Moldova,1.23961997032166
2018,Monaco,0
2018,Mongolia,1.28665995597839
2018,Montenegro,1.26133000850677
2018,Morocco,0.987110018730164
2018,Mozambique,0.805800020694733
2018,Myanmar,1.28891003131866
2018,Namibia,1.49300003051758
2018,Nauru,0
2018,Nepal,1.06708002090454
2018,Netherlands,1.12126994132996
2018,New Caledonia,0
2018,New Zealand,1.31674003601074
2018,Nicaragua,0
2018,Niger,0.414490014314651
2018,Nigeria,0
2018,North Macedonia,1.24207997322083
2018,Northern Mariana Islands,0
2018,Norway,1.32379996776581
2018,Oman,1.52531003952026
2018,Pakistan,0.870880007743835
2018,Palau,0
2018,Panama,0
2018,Papua New Guinea,0
2018,Paraguay,0
2018,Peru,0
2018,Philippines,0
2018,Poland,1.33940005302429
2018,Portugal,1.12460994720459
2018,Puerto Rico,0
2018,Qatar,1.87216997146606
2018,Romania,1.21495997905731
2018,Russian Federation,1.15231001377106
2018,Rwanda,0.806819975376129
2018,Samoa,1.52788996696472
2018,San Marino,0.766619980335236
2018,Sao Tome and Principe,0
2018,Saudi Arabia,1.0506500005722
2018,Senegal,0.676370024681091
2018,Serbia,1.27547001838684
2018,Seychelles,1.51786994934082
2018,Sierra Leone,0
2018,Singapore,1.13104999065399
2018,Sint Maarten (Dutch part),0
2018,Slovak Republic,1.33852005004883
2018,Slovenia,1.30725002288818
2018,Solomon Islands,0
2018,Somalia,0
2018,South Africa,1.31648004055023
2018,South Sudan,0
2018,Spain,1.17311000823975
2018,Sri Lanka,1.32603001594543
2018,St. Kitts and Nevis,0
2018,St. Lucia,1.49479997158051
2018,St. Martin (French part),0
2018,St. Vincent and the Grenadines,0
2018,Sudan,0
2018,Suriname,0
2018,Sweden,1.37462997436523
2018,Switzerland,1.02945005893707
2018,Syrian Arab Republic,0
2018,Tajikistan,0
2018,Tanzania,0
2018,Thailand,0
2018,Timor-Leste,0
2018,Togo,0.493669986724854
2018,Tonga,0
2018,Trinidad and Tobago,0
2018,Tunisia,1.44699001312256
2018,Turkey,0.898270010948181
2018,Turkmenistan,0
2018,Turks and Caicos Islands,0
2018,Tuvalu,0
2018,Uganda,0
2018,Ukraine,0
2018,United Arab Emirates,0
2018,United Kingdom,1.26930999755859
2018,United States,1.26827001571655
2018,Uruguay,1.40699005126953
2018,Uzbekistan,0.697719991207123
2018,Vanuatu,0
2018,"Venezuela, RB",0
2018,Vietnam,0
2018,Virgin Islands (U.S.),0
2018,West Bank and Gaza,1.36478996276855
2018,"Yemen, Rep.",0
2018,Zambia,0
2018,Zimbabwe,0
2018,Africa Eastern and Southern,0
2018,Africa Western and Central,0
2018,Arab World,1.09685003757477
2018,Caribbean small states,0
2018,Central Europe and the Baltics,1.28910994529724
2018,Early-demographic dividend,1.07667994499207
2018,East Asia & Pacific,1.1499799489975
2018,East Asia & Pacific (excluding high income),1.17033994197845
2018,East Asia & Pacific (IDA & IBRD countries),1.17618000507355
2018,Euro area,1.15295994281769
2018,Europe & Central Asia,1.12676000595093
2018,Europe & Central Asia (excluding high income),1.04814004898071
2018,Europe & Central Asia (IDA & IBRD countries),1.07509005069733
2018,European Union,1.19608998298645
2018,Fragile and conflict affected situations,0
2018,Heavily indebted poor countries (HIPC),0.711640000343323
2018,High income,1.19632005691528
2018,IBRD only,1.15052998065948
2018,IDA & IBRD total,1.10471999645233
2018,IDA blend,0.787069976329803
2018,IDA only,0.761550009250641
2018,IDA total,0.775250017642975
2018,Late-demographic dividend,1.19523000717163
2018,Latin America & Caribbean,1.23249995708466
2018,Latin America & Caribbean (excluding high income),1.21721005439758
2018,Latin America & the Caribbean (IDA & IBRD countries),1.22968995571136
2018,Least developed countries: UN classification,0.719190001487732
2018,Low & middle income,1.09512996673584
2018,Low income,0.632939994335175
2018,Lower middle income,1.04509997367859
2018,Middle East & North Africa,1.06798994541168
2018,Middle East & North Africa (excluding high income),1.03691005706787
2018,Middle East & North Africa (IDA & IBRD countries),1.02972996234894
2018,Middle income,1.11524999141693
2018,North America,1.26715004444122
2018,Not classified,0
2018,OECD members,1.1469099521637
2018,Other small states,1.33843994140625
2018,Pacific island small states,1.2971099615097
2018,Post-demographic dividend,1.18428003787994
2018,Pre-demographic dividend,0.667869985103607
2018,Small states,1.35585999488831
2018,South Asia,1.0113400220871
2018,South Asia (IDA & IBRD),1.0113400220871
2018,Sub-Saharan Africa,0.769420027732849
2018,Sub-Saharan Africa (excluding high income),0.769330024719238
2018,Sub-Saharan Africa (IDA & IBRD countries),0.769420027732849
2018,Upper middle income,1.16991996765137
2018,World,1.12436997890472
2019,Afghanistan,0
2019,Albania,1.35992002487183
2019,Algeria,1.39932000637054
2019,American Samoa,0
2019,Andorra,0
2019,Angola,0
2019,Antigua and Barbuda,0
2019,Argentina,1.40682995319366
2019,Armenia,1.25343000888824
2019,Aruba,0
2019,Australia,1.26248002052307
2019,Austria,1.17975997924805
2019,Azerbaijan,1.1380900144577
2019,"Bahamas, The",0
2019,Bahrain,1.44511997699738
2019,Bangladesh,0.71833997964859
2019,Barbados,0
2019,Belarus,0
2019,Belgium,1.2558399438858
2019,Belize,1.40412998199463
2019,Benin,0
2019,Bermuda,0
2019,Bhutan,0
2019,Bolivia,0
2019,Bosnia and Herzegovina,1.33187997341156
2019,Botswana,1.32182002067566
2019,Brazil,1.28112995624542
2019,British Virgin Islands,1.48892998695374
2019,Brunei Darussalam,1.35747003555298
2019,Bulgaria,1.20282995700836
2019,Burkina Faso,0.561730027198792
2019,Burundi,0
2019,Cabo Verde,0
2019,Cambodia,0.94335001707077
2019,Cameroon,0
2019,Canada,1.2438600063324
2019,Cayman Islands,0
2019,Central African Republic,0
2019,Chad,0
2019,Channel Islands,0
2019,Chile,1.14239001274109
2019,China,1.1806800365448
2019,Colombia,1.13524997234344
2019,Comoros,0
2019,"Congo, Dem. Rep.",0
2019,"Congo, Rep.",0
2019,Costa Rica,1.1829799413681
2019,Cote d'Ivoire,0.74592000246048
2019,Croatia,1.28839004039764
2019,Cuba,1.39481997489929
2019,Curacao,0
2019,Cyprus,1.05941998958588
2019,Czech Republic,1.28033995628357
2019,Denmark,1.27848994731903
2019,Djibouti,0
2019,Dominica,0
2019,Dominican Republic,0
2019,Ecuador,1.14206004142761
2019,"Egypt, Arab Rep.",0
2019,El Salvador,0
2019,Equatorial Guinea,0
2019,Eritrea,0
2019,Estonia,1.33387005329132
2019,Eswatini,0
2019,Ethiopia,0
2019,Faroe Islands,0
2019,Fiji,1.32316994667053
2019,Finland,1.16436004638672
2019,France,1.2010999917984
2019,French Polynesia,0
2019,Gabon,0
2019,"Gambia, The",0
2019,Georgia,1.11682999134064
2019,Germany,1.02127003669739
2019,Ghana,0.847100019454956
2019,Gibraltar,0
2019,Greece,1.01978003978729
2019,Greenland,0
2019,Grenada,0
2019,Guam,0
2019,Guatemala,1.13786995410919
2019,Guinea,0
2019,Guinea-Bissau,0
2019,Guyana,0
2019,Haiti,0
2019,Honduras,1.28035998344421
2019,"Hong Kong SAR, China",1.10264003276825
2019,Hungary,1.18656003475189
2019,Iceland,1.48361003398895
2019,India,1.10283005237579
2019,Indonesia,0
2019,"Iran, Islamic Rep.",0.923910021781921
2019,Iraq,0
2019,Ireland,1.13365995883942
2019,Isle of Man,0
2019,Israel,1.32889997959137
2019,Italy,1.25656998157501
2019,Jamaica,0
2019,Japan,0
2019,Jordan,1.1497700214386
2019,Kazakhstan,1.19079005718231
2019,Kenya,0
2019,Kiribati,0
2019,"Korea, Dem. People's Rep.",0
2019,"Korea, Rep.",0.817260026931763
2019,Kosovo,0
2019,Kuwait,1.51341998577118
2019,Kyrgyz Republic,1.21194005012512
2019,Lao PDR,1.10413002967834
2019,Latvia,1.28015995025635
2019,Lebanon,0
2019,Lesotho,0
2019,Liberia,0
2019,Libya,0
2019,Liechtenstein,0.566550016403198
2019,Lithuania,1.28630995750427
2019,Luxembourg,1.13915002346039
2019,"Macao SAR, China",1.26515996456146
2019,Madagascar,0
2019,Malawi,0
2019,Malaysia,1.2263400554657
2019,Maldives,1.73406994342804
2019,Mali,0
2019,Malta,1.28770005702972
2019,Marshall Islands,1.11151003837585
2019,Mauritania,0.611710011959076
2019,Mauritius,0
2019,Mexico,1.05262005329132
2019,"Micronesia, Fed. Sts.",0
2019,Moldova,1.2508499622345
2019,Monaco,0
2019,Mongolia,1.32114994525909
2019,Montenegro,1.25355994701385
2019,Morocco,1.02535998821259
2019,Mozambique,0
2019,Myanmar,0
2019,Namibia,0
2019,Nauru,0
2019,Nepal,1.05462002754211
2019,Netherlands,0
2019,New Caledonia,0
2019,New Zealand,1.34505999088287
2019,Nicaragua,0
2019,Niger,0.636409997940063
2019,Nigeria,0
2019,North Macedonia,0
2019,Northern Mariana Islands,0
2019,Norway,1.32428002357483
2019,Oman,1.46253001689911
2019,Pakistan,0.983900010585785
2019,Palau,0
2019,Panama,0
2019,Papua New Guinea,0
2019,Paraguay,0
2019,Peru,0
2019,Philippines,0
2019,Poland,1.3430700302124
2019,Portugal,1.14134001731873
2019,Puerto Rico,0
2019,Qatar,1.87056994438171
2019,Romania,1.22268998622894
2019,Russian Federation,1.14359998703003
2019,Rwanda,0.83568000793457
2019,Samoa,1.46288001537323
2019,San Marino,0.815540015697479
2019,Sao Tome and Principe,0
2019,Saudi Arabia,1.07256996631622
2019,Senegal,0.750190019607544
2019,Serbia,1.28150999546051
2019,Seychelles,1.55030000209808
2019,Sierra Leone,0
2019,Singapore,1.11856997013092
2019,Sint Maarten (Dutch part),0
2019,Slovak Republic,1.33701002597809
2019,Slovenia,1.31385004520416
2019,Solomon Islands,0
2019,Somalia,0
2019,South Africa,1.32860994338989
2019,South Sudan,0
2019,Spain,1.1768000125885
2019,Sri Lanka,1.37653005123138
2019,St. Kitts and Nevis,0
2019,St. Lucia,1.52795004844666
2019,St. Martin (French part),0
2019,St. Vincent and the Grenadines,0
2019,Sudan,0
2019,Suriname,0
2019,Sweden,1.37630999088287
2019,Switzerland,1.03831994533539
2019,Syrian Arab Republic,1.11373996734619
2019,Tajikistan,0
2019,Tanzania,0.658029973506927
2019,Thailand,0
2019,Timor-Leste,0
2019,Togo,0.522819995880127
2019,Tonga,0
2019,Trinidad and Tobago,0
2019,Tunisia,1.45824003219604
2019,Turkey,0.939450025558472
2019,Turkmenistan,0.824410021305084
2019,Turks and Caicos Islands,0
2019,Tuvalu,0
2019,Uganda,0
2019,Ukraine,0
2019,United Arab Emirates,0
2019,United Kingdom,1.27077996730804
2019,United States,1.27759003639221
2019,Uruguay,1.40929996967316
2019,Uzbekistan,0.827340006828308
2019,Vanuatu,0
2019,"Venezuela, RB",0
2019,Vietnam,0
2019,Virgin Islands (U.S.),0
2019,West Bank and Gaza,1.38897001743317
2019,"Yemen, Rep.",0
2019,Zambia,0
2019,Zimbabwe,0
2019,Africa Eastern and Southern,0
2019,Africa Western and Central,0
2019,Arab World,1.09947001934052
2019,Caribbean small states,0
2019,Central Europe and the Baltics,1.29156994819641
2019,Early-demographic dividend,1.09882998466492
2019,East Asia & Pacific,1.15364003181458
2019,East Asia & Pacific (excluding high income),1.17220997810364
2019,East Asia & Pacific (IDA & IBRD countries),1.17791998386383
2019,Euro area,1.15422999858856
2019,Europe & Central Asia,1.13415002822876
2019,Europe & Central Asia (excluding high income),1.06271994113922
2019,Europe & Central Asia (IDA & IBRD countries),1.08732998371124
2019,European Union,1.19723999500275
2019,Fragile and conflict affected situations,0
2019,Heavily indebted poor countries (HIPC),0.727460026741028
2019,High income,1.20167994499207
2019,IBRD only,1.16324996948242
2019,IDA & IBRD total,1.11743998527527
2019,IDA blend,0.847840011119843
2019,IDA only,0.770340025424957
2019,IDA total,0.79941999912262
2019,Late-demographic dividend,1.19800996780396
2019,Latin America & Caribbean,1.24066996574402
2019,Latin America & Caribbean (excluding high income),1.22693002223969
2019,Latin America & the Caribbean (IDA & IBRD countries),1.23773002624512
2019,Least developed countries: UN classification,0.727720022201538
2019,Low & middle income,1.10864996910095
2019,Low income,0.638679981231689
2019,Lower middle income,1.06869995594025
2019,Middle East & North Africa,1.08292996883392
2019,Middle East & North Africa (excluding high income),1.05367004871368
2019,Middle East & North Africa (IDA & IBRD countries),1.04632997512817
2019,Middle income,1.12863004207611
2019,North America,1.27485001087189
2019,Not classified,0
2019,OECD members,1.15625
2019,Other small states,1.34110999107361
2019,Pacific island small states,1.30392003059387
2019,Post-demographic dividend,1.19062995910645
2019,Pre-demographic dividend,0.675180017948151
2019,Small states,1.35791003704071
2019,South Asia,1.04883003234863
2019,South Asia (IDA & IBRD),1.04883003234863
2019,Sub-Saharan Africa,0.781750023365021
2019,Sub-Saharan Africa (excluding high income),0.781639993190765
2019,Sub-Saharan Africa (IDA & IBRD countries),0.781750023365021
2019,Upper middle income,1.17628002166748
2019,World,1.13542997837067
2020,Afghanistan,0.38688999414444
2020,Albania,1.36875998973846
2020,Algeria,1.41051995754242
2020,American Samoa,0
2020,Andorra,0
2020,Angola,0
2020,Antigua and Barbuda,0
2020,Argentina,0
2020,Armenia,1.30533003807068
2020,Aruba,0
2020,Australia,0
2020,Austria,0
2020,Azerbaijan,1.15891003608704
2020,"Bahamas, The",0
2020,Bahrain,1.42351996898651
2020,Bangladesh,0.771939992904663
2020,Barbados,0
2020,Belarus,1.12080001831055
2020,Belgium,0
2020,Belize,1.4111100435257
2020,Benin,0
2020,Bermuda,0
2020,Bhutan,1.05859005451202
2020,Bolivia,0
2020,Bosnia and Herzegovina,1.34641003608704
2020,Botswana,1.3632800579071
2020,Brazil,0
2020,British Virgin Islands,0
2020,Brunei Darussalam,1.35610997676849
2020,Bulgaria,0
2020,Burkina Faso,0.553210020065308
2020,Burundi,0
2020,Cabo Verde,0
2020,Cambodia,0
2020,Cameroon,0
2020,Canada,0
2020,Cayman Islands,0
2020,Central African Republic,0
2020,Chad,0
2020,Channel Islands,0
2020,Chile,0
2020,China,1.16198003292084
2020,Colombia,0
2020,Comoros,0
2020,"Congo, Dem. Rep.",0
2020,"Congo, Rep.",0
2020,Costa Rica,0
2020,Cote d'Ivoire,0
2020,Croatia,0
2020,Cuba,1.45167994499207
2020,Curacao,0
2020,Cyprus,0
2020,Czech Republic,0
2020,Denmark,0
2020,Djibouti,0
2020,Dominica,0
2020,Dominican Republic,0
2020,Ecuador,0
2020,"Egypt, Arab Rep.",0
2020,El Salvador,0
2020,Equatorial Guinea,0
2020,Eritrea,0
2020,Estonia,0
2020,Eswatini,0
2020,Ethiopia,0
2020,Faroe Islands,0
2020,Fiji,0
2020,Finland,0
2020,France,0
2020,French Polynesia,0
2020,Gabon,0
2020,"Gambia, The",0
2020,Georgia,1.13837003707886
2020,Germany,0
2020,Ghana,0.903079986572266
2020,Gibraltar,0
2020,Greece,0
2020,Greenland,0
2020,Grenada,0
2020,Guam,0
2020,Guatemala,0
2020,Guinea,0
2020,Guinea-Bissau,0
2020,Guyana,0
2020,Haiti,0
2020,Honduras,0
2020,"Hong Kong SAR, China",1.11040997505188
2020,Hungary,0
2020,Iceland,0
2020,India,1.11180996894836
2020,Indonesia,0
2020,"Iran, Islamic Rep.",0.965300023555756
2020,Iraq,0
2020,Ireland,0
2020,Isle of Man,0
2020,Israel,0
2020,Italy,0
2020,Jamaica,0
2020,Japan,0
2020,Jordan,1.17993998527527
2020,Kazakhstan,1.17328000068665
2020,Kenya,0
2020,Kiribati,0
2020,"Korea, Dem. People's Rep.",0
2020,"Korea, Rep.",0
2020,Kosovo,0
2020,Kuwait,1.46869003772736
2020,Kyrgyz Republic,1.2002899646759
2020,Lao PDR,1.12399995326996
2020,Latvia,0
2020,Lebanon,0
2020,Lesotho,0
2020,Liberia,0
2020,Libya,0
2020,Liechtenstein,0
2020,Lithuania,0
2020,Luxembourg,0
2020,"Macao SAR, China",1.25970995426178
2020,Madagascar,0.966340005397797
2020,Malawi,0
2020,Malaysia,0
2020,Maldives,0
2020,Mali,0
2020,Malta,0
2020,Marshall Islands,0
2020,Mauritania,0.620570003986359
2020,Mauritius,1.31366002559662
2020,Mexico,0
2020,"Micronesia, Fed. Sts.",0
2020,Moldova,1.27483999729156
2020,Monaco,0
2020,Mongolia,0
2020,Montenegro,1.26402997970581
2020,Morocco,1.05110001564026
2020,Mozambique,0
2020,Myanmar,0
2020,Namibia,0
2020,Nauru,0
2020,Nepal,1.04378998279572
2020,Netherlands,0
2020,New Caledonia,0
2020,New Zealand,0
2020,Nicaragua,0
2020,Niger,0
2020,Nigeria,0
2020,North Macedonia,0
2020,Northern Mariana Islands,0
2020,Norway,0
2020,Oman,1.38014996051788
2020,Pakistan,0
2020,Palau,0
2020,Panama,0
2020,Papua New Guinea,0
2020,Paraguay,0
2020,Peru,0
2020,Philippines,0
2020,Poland,0
2020,Portugal,0
2020,Puerto Rico,0
2020,Qatar,1.86310994625092
2020,Romania,0
2020,Russian Federation,0
2020,Rwanda,0
2020,Samoa,1.28901994228363
2020,San Marino,0.796909987926483
2020,Sao Tome and Principe,0
2020,Saudi Arabia,1.07647001743317
2020,Senegal,0.782859981060028
2020,Serbia,1.28709995746613
2020,Seychelles,1.58290994167328
2020,Sierra Leone,0
2020,Singapore,0
2020,Sint Maarten (Dutch part),0
2020,Slovak Republic,0
2020,Slovenia,0
2020,Solomon Islands,0
2020,Somalia,0
2020,South Africa,0
2020,South Sudan,0
2020,Spain,0
2020,Sri Lanka,1.38040995597839
2020,St. Kitts and Nevis,0
2020,St. Lucia,1.51396000385284
2020,St. Martin (French part),0
2020,St. Vincent and the Grenadines,0
2020,Sudan,0
2020,Suriname,0
2020,Sweden,0
2020,Switzerland,0
2020,Syrian Arab Republic,0
2020,Tajikistan,0
2020,Tanzania,0.83569997549057
2020,Thailand,0
2020,Timor-Leste,0
2020,Togo,0.560920000076294
2020,Tonga,1.59739995002747
2020,Trinidad and Tobago,0
2020,Tunisia,0
2020,Turkey,0
2020,Turkmenistan,0.879050016403198
2020,Turks and Caicos Islands,0
2020,Tuvalu,0
2020,Uganda,0
2020,Ukraine,0
2020,United Arab Emirates,1.3012900352478
2020,United Kingdom,0
2020,United States,0
2020,Uruguay,0
2020,Uzbekistan,0.883530020713806
2020,Vanuatu,0
2020,"Venezuela, RB",0
2020,Vietnam,0
2020,Virgin Islands (U.S.),0
2020,West Bank and Gaza,1.392009973526
2020,"Yemen, Rep.",0
2020,Zambia,0
2020,Zimbabwe,0
2020,Africa Eastern and Southern,0
2020,Africa Western and Central,0
2020,Arab World,1.10040998458862
2020,Caribbean small states,0
2020,Central Europe and the Baltics,1.29156994819641
2020,Early-demographic dividend,1.10713994503021
2020,East Asia & Pacific,1.14092004299164
2020,East Asia & Pacific (excluding high income),1.15718996524811
2020,East Asia & Pacific (IDA & IBRD countries),1.16266000270844
2020,Euro area,1.15422999858856
2020,Europe & Central Asia,1.13321995735168
2020,Europe & Central Asia (excluding high income),1.06085002422333
2020,Europe & Central Asia (IDA & IBRD countries),1.08554995059967
2020,European Union,1.19723999500275
2020,Fragile and conflict affected situations,0
2020,Heavily indebted poor countries (HIPC),0.740880012512207
2020,High income,1.2007600069046
2020,IBRD only,1.15907001495361
2020,IDA & IBRD total,1.11539995670319
2020,IDA blend,0.851830005645752
2020,IDA only,0.792770028114319
2020,IDA total,0.816150009632111
2020,Late-demographic dividend,1.18478000164032
2020,Latin America & Caribbean,1.24161005020142
2020,Latin America & Caribbean (excluding high income),1.22801995277405
2020,Latin America & the Caribbean (IDA & IBRD countries),1.23780000209808
2020,Least developed countries: UN classification,0.750859975814819
2020,Low & middle income,1.10694003105164
2020,Low income,0
2020,Lower middle income,1.07895004749298
2020,Middle East & North Africa,1.09318995475769
2020,Middle East & North Africa (excluding high income),1.06878995895386
2020,Middle East & North Africa (IDA & IBRD countries),1.06163001060486
2020,Middle income,1.12679994106293
2020,North America,1.27485001087189
2020,Not classified,0
2020,OECD members,1.15625
2020,Other small states,1.34300005435944
2020,Pacific island small states,1.29507994651794
2020,Post-demographic dividend,1.19051003456116
2020,Pre-demographic dividend,0
2020,Small states,0
2020,South Asia,1.06431996822357
2020,South Asia (IDA & IBRD),1.06431996822357
2020,Sub-Saharan Africa,0
2020,Sub-Saharan Africa (excluding high income),0
2020,Sub-Saharan Africa (IDA & IBRD countries),0
2020,Upper middle income,1.16548001766205
2020,World,1.13364005088806